#pragma once
#include "types.h"
static const uint32_t sprite_0[1024] = {
    0x00000000,
0x00000000,
0x00000000,
0x00000000,
0x00000000,
0x00000000,
0x00000000,
0x00000000,
0x00000000,
0x00000000,
0x00000000,
0x00000000,
0x00000000,
0x00000000,
0x00000000,
0x00000000,
0x00000000,
0x00000000,
0x00000000,
0x00000000,
0x00000000,
0x00000000,
0x00000000,
0x00000000,
0x00000000,
0x00000000,
0x00000000,
0x00000000,
0x00000000,
0x00000000,
0x00000000,
0x00000000,
0x00000000,
0x00000000,
0x00000000,
0x00000000,
0x00000000,
0x00000000,
0x00000000,
0x00000000,
0x00000000,
0x00000000,
0x00000000,
0x00000000,
0x00000000,
0x00000000,
0x00000000,
0x00000000,
0x00000000,
0x00000000,
0x00000000,
0x00000000,
0x00000000,
0x00000000,
0x00000000,
0x0100FFFF,
0x0355AAAA,
0x043FBFBF,
0x0355AAAA,
0x0355AAAA,
0x0533CCCC,
0x02007FFF,
0x00000000,
0x00000000,
0x00000000,
0x00000000,
0xFFC4C4C4,
0xFFC4C4C4,
0xFFC4C4C4,
0xFFC4C4C4,
0xFFC4C4C4,
0xFFC4C4C4,
0xFFC4C4C4,
0xFFC4C4C4,
0xFFC4C4C4,
0xFFC4C4C4,
0xFFC4C4C4,
0xFFC4C4C4,
0xFFC4C4C4,
0xFFC4C4C4,
0xFFC4C4C4,
0xFFC4C4C4,
0xFFC4C4C4,
0xFFC4C4C4,
0xFFC4C4C4,
0xFFC4C4C4,
0xFFC4C4C4,
0xFFC4C4C4,
0xFFC4C4C4,
0xFFC4C4C4,
0xFFC4C4C4,
0xFFC4C4C4,
0xFFC4C4C4,
0xFF909090,
0x0100FFFF,
0x00000000,
0x00000000,
0x00000000,
0xFFC4C4C4,
0xFF000000,
0xFF000000,
0xFF000000,
0xFF000000,
0xFF000000,
0xFF000000,
0xFF000000,
0xFF000000,
0xFF000000,
0xFF000000,
0xFF000000,
0xFF000000,
0xFF000000,
0xFF000000,
0xFF000000,
0xFF000000,
0xFF000000,
0xFF000000,
0xFF000000,
0xFF000000,
0xFF000000,
0xFF000000,
0xFF000000,
0xFF000000,
0xFF000000,
0xFF000000,
0xFF303030,
0x0C7FE9FF,
0x00000000,
0x00000000,
0x00000000,
0xFFC4C4C4,
0xFF000000,
0xFF000000,
0xFF000000,
0xFF000000,
0xFF000000,
0xFF000000,
0xFF000000,
0xFF000000,
0xFF000000,
0xFF000000,
0xFF000000,
0xFF000000,
0xFF000000,
0xFF000000,
0xFF000000,
0xFF000000,
0xFF000000,
0xFF000000,
0xFF000000,
0xFF000000,
0xFF000000,
0xFF000000,
0xFF000000,
0xFF470804,
0xFF000000,
0xFF000000,
0xFF303030,
0x106FEFFF,
0x00000000,
0x00000000,
0x00000000,
0xFFC4C4C4,
0xFF000000,
0xFF000000,
0xFF000000,
0xFF000000,
0xFF000000,
0xFF000000,
0xFF000000,
0xFF000000,
0xFF000000,
0xFF000000,
0xFF000000,
0xFF000000,
0xFF000000,
0xFF000000,
0xFF000000,
0xFF000000,
0xFF000000,
0xFF000000,
0xFF000000,
0xFF470804,
0xFF470804,
0xFF700F08,
0xFF892F09,
0xFF892F09,
0xFF000000,
0xFF000000,
0xFF404040,
0x0F77EEFF,
0x00000000,
0x00000000,
0x00000000,
0xFFC4C4C4,
0xFF000000,
0xFF000000,
0xFF000000,
0xFF000000,
0xFF000000,
0xFF000000,
0xFF000000,
0xFF000000,
0xFF000000,
0xFF000000,
0xFF000000,
0xFF000000,
0xFF000000,
0xFF000000,
0xFF000000,
0xFF000000,
0xFF000000,
0xFF470804,
0xFF470804,
0xFF700F08,
0xFF892F09,
0xFFA48D3C,
0xFFD2C95E,
0xFF892F09,
0xFF470804,
0xFF000000,
0xFF404040,
0x027FFFFF,
0x00000000,
0x00000000,
0x00000000,
0xFFC4C4C4,
0xFF000000,
0xFF000000,
0xFF000000,
0xFF000000,
0xFF000000,
0xFF000000,
0xFF000000,
0xFF000000,
0xFF000000,
0xFF000000,
0xFF000000,
0xFF000000,
0xFF000000,
0xFF470804,
0xFF000000,
0xFF470804,
0xFF470804,
0xFF700F08,
0xFF892F09,
0xFF6D541F,
0xFFD2C95E,
0xFFEBE8B4,
0xFFA48D3C,
0xFF700F08,
0xFF000000,
0xFF000000,
0xFF303030,
0x102FAFCF,
0x00000000,
0x00000000,
0x00000000,
0xFFC4C4C4,
0xFF000000,
0xFF000000,
0xFF000000,
0xFF000000,
0xFF000000,
0xFF000000,
0xFF000000,
0xFF000000,
0xFF000000,
0xFF000000,
0xFF000000,
0xFF000000,
0xFF000000,
0xFF470804,
0xFF470804,
0xFF700F08,
0xFF892F09,
0xFF6D541F,
0xFFD2C95E,
0xFFEBE8B4,
0xFFEBE8B4,
0xFFD2C95E,
0xFF892F09,
0xFF000000,
0xFF000000,
0xFF000000,
0xFF303030,
0x1639B9C5,
0x00000000,
0x00000000,
0x00000000,
0xFFC4C4C4,
0xFF000000,
0xFF000000,
0xFF000000,
0xFF000000,
0xFF000000,
0xFF000000,
0xFF000000,
0xFF000000,
0xFF000000,
0xFF000000,
0xFF000000,
0xFF470804,
0xFF470804,
0xFF700F08,
0xFF892F09,
0xFF6D541F,
0xFFD2C95E,
0xFFEBE8B4,
0xFFEBE8B4,
0xFFEFE9D1,
0xFFD2C95E,
0xFF6D541F,
0xFF700F08,
0xFF470804,
0xFF000000,
0xFF000000,
0xFF303030,
0x0355AAAA,
0x00000000,
0x00000000,
0x01000000,
0xFFC4C4C4,
0xFF000000,
0xFF000000,
0xFF000000,
0xFF000000,
0xFF000000,
0xFF000000,
0xFF000000,
0xFF000000,
0xFF000000,
0xFF470804,
0xFF000000,
0xFF700F08,
0xFF892F09,
0xFF6D541F,
0xFFD2C95E,
0xFFEFE9D1,
0xFFEBE8B4,
0xFFEBE8B4,
0xFFFFFFFF,
0xFFA48D3C,
0xFFD2C95E,
0xFF892F09,
0xFF470804,
0xFF000000,
0xFF000000,
0xFF000000,
0xFF404040,
0x00000000,
0x00000000,
0x00000000,
0x00000000,
0xFFC4C4C4,
0xFF000000,
0xFF000000,
0xFF000000,
0xFF000000,
0xFF000000,
0xFF000000,
0xFF000000,
0xFF000000,
0xFF470804,
0xFF700F08,
0xFF892F09,
0xFF6D541F,
0xFFD2C95E,
0xFFEFE9D1,
0xFFEFE9D1,
0xFFEBE8B4,
0xFFEBE8B4,
0xFFEFE9D1,
0xFFA48D3C,
0xFFD2C95E,
0xFF6D541F,
0xFF700F08,
0xFF470804,
0xFF000000,
0xFF000000,
0xFF000000,
0xFF303030,
0x00000000,
0x00000000,
0x00000000,
0x00000000,
0xFFC4C4C4,
0xFF000000,
0xFF000000,
0xFF000000,
0xFF000000,
0xFF000000,
0xFF470804,
0xFF470804,
0xFF700F08,
0xFF892F09,
0xFF6D541F,
0xFFD2C95E,
0xFFEBE8B4,
0xFFEFE9D1,
0xFFEFE9D1,
0xFFFFFFFF,
0xFFEFE9D1,
0xFFFFFFFF,
0xFFA48D3C,
0xFFA48D3C,
0xFFD2C95E,
0xFF892F09,
0xFF470804,
0xFF470804,
0xFF000000,
0xFF000000,
0xFF000000,
0xFF303030,
0x00000000,
0x00000000,
0x00000000,
0x00000000,
0xFFC4C4C4,
0xFF000000,
0xFF000000,
0xFF000000,
0xFF470804,
0xFF470804,
0xFF700F08,
0xFF892F09,
0xFF6D541F,
0xFFD2C95E,
0xFFEBE8B4,
0xFFEBE8B4,
0xFFEBE8B4,
0xFFFFFFFF,
0xFFFFFFFF,
0xFFFFFFFF,
0xFFFFFFFF,
0xFFA48D3C,
0xFFA48D3C,
0xFFA48D3C,
0xFF6D541F,
0xFF700F08,
0xFF470804,
0xFF000000,
0xFF000000,
0xFF000000,
0xFF000000,
0xFF404040,
0x00000000,
0x00000000,
0x00000000,
0x00000000,
0xFFC4C4C4,
0xFF000000,
0xFF000000,
0xFF000000,
0xFF000000,
0xFF700F08,
0xFF892F09,
0xFFD2C95E,
0xFFEBE8B4,
0xFFEBE8B4,
0xFFEFE9D1,
0xFFEFE9D1,
0xFFFFFFFF,
0xFFFFFFFF,
0xFFFFFFFF,
0xFFFFFFFF,
0xFFA48D3C,
0xFFD2C95E,
0xFFA48D3C,
0xFFD2C95E,
0xFF892F09,
0xFF470804,
0xFF000000,
0xFF000000,
0xFF000000,
0xFF000000,
0xFF000000,
0xFF303030,
0x00000000,
0x00000000,
0x00000000,
0x00000000,
0xFFC4C4C4,
0xFF000000,
0xFF000000,
0xFF000000,
0xFF000000,
0xFF000000,
0xFF700F08,
0xFF892F09,
0xFFA48D3C,
0xFFA48D3C,
0xFFA48D3C,
0xFFA48D3C,
0xFFA48D3C,
0xFFEFE9D1,
0xFFFFFFFF,
0xFFEBE8B4,
0xFFD2C95E,
0xFFD2C95E,
0xFFD2C95E,
0xFF6D541F,
0xFF700F08,
0xFF470804,
0xFF000000,
0xFF000000,
0xFF000000,
0xFF000000,
0xFF000000,
0xFF404040,
0x00000000,
0x00000000,
0x00000000,
0x00000000,
0xFFC4C4C4,
0xFF000000,
0xFF000000,
0xFF000000,
0xFF000000,
0xFF000000,
0xFF000000,
0xFF700F08,
0xFF892F09,
0xFFD2C95E,
0xFFA48D3C,
0xFFA48D3C,
0xFFD2C95E,
0xFFEFE9D1,
0xFFEFE9D1,
0xFFEBE8B4,
0xFFA48D3C,
0xFFD2C95E,
0xFFEBE8B4,
0xFF892F09,
0xFF470804,
0xFF000000,
0xFF000000,
0xFF000000,
0xFF000000,
0xFF000000,
0xFF000000,
0xFF303030,
0x00000000,
0x00000000,
0x00000000,
0x00000000,
0xFFC4C4C4,
0xFF000000,
0xFF000000,
0xFF000000,
0xFF000000,
0xFF470804,
0xFF700F08,
0xFF892F09,
0xFFD2C95E,
0xFFA48D3C,
0xFFA48D3C,
0xFFD2C95E,
0xFFEBE8B4,
0xFF6D541F,
0xFF6D541F,
0xFFEBE8B4,
0xFFD2C95E,
0xFFEBE8B4,
0xFF6D541F,
0xFF700F08,
0xFF000000,
0xFF000000,
0xFF000000,
0xFF000000,
0xFF000000,
0xFF000000,
0xFF000000,
0xFF303030,
0x00000000,
0x00000000,
0x00000000,
0x00000000,
0xFFC4C4C4,
0xFF000000,
0xFF000000,
0xFF000000,
0xFF470804,
0xFF700F08,
0xFF892F09,
0xFFEBE8B4,
0xFFEBE8B4,
0xFFEBE8B4,
0xFFEBE8B4,
0xFFEBE8B4,
0xFF6D541F,
0xFF6D541F,
0xFF6D541F,
0xFFD2C95E,
0xFFD2C95E,
0xFFEBE8B4,
0xFF892F09,
0xFF470804,
0xFF000000,
0xFF000000,
0xFF000000,
0xFF000000,
0xFF000000,
0xFF000000,
0xFF000000,
0xFF404040,
0x00000000,
0x00000000,
0x00000000,
0x00000000,
0xFFC4C4C4,
0xFF000000,
0xFF000000,
0xFF000000,
0xFF000000,
0xFF000000,
0xFF700F08,
0xFF892F09,
0xFF6D541F,
0xFFD2C95E,
0xFFA48D3C,
0xFF6D541F,
0xFFA48D3C,
0xFF6D541F,
0xFFA48D3C,
0xFFD2C95E,
0xFFEBE8B4,
0xFF6D541F,
0xFF700F08,
0xFF470804,
0xFF000000,
0xFF000000,
0xFF000000,
0xFF000000,
0xFF000000,
0xFF000000,
0xFF000000,
0xFF303030,
0x00000000,
0x00000000,
0x00000000,
0x00000000,
0xFFC4C4C4,
0xFF000000,
0xFF000000,
0xFF000000,
0xFF000000,
0xFF470804,
0xFF700F08,
0xFF892F09,
0xFFEBE8B4,
0xFFD2C95E,
0xFFA48D3C,
0xFF6D541F,
0xFFA48D3C,
0xFFA48D3C,
0xFFA48D3C,
0xFFD2C95E,
0xFFEBE8B4,
0xFF892F09,
0xFF470804,
0xFF000000,
0xFF000000,
0xFF000000,
0xFF000000,
0xFF000000,
0xFF000000,
0xFF000000,
0xFF000000,
0xFF303030,
0x00000000,
0x00000000,
0x00000000,
0x00000000,
0xFFC4C4C4,
0xFF000000,
0xFF000000,
0xFF000000,
0xFF000000,
0xFF700F08,
0xFF892F09,
0xFFD2C95E,
0xFFD2C95E,
0xFFA48D3C,
0xFF6D541F,
0xFFA48D3C,
0xFFD2C95E,
0xFF892F09,
0xFFA48D3C,
0xFFEBE8B4,
0xFF6D541F,
0xFF700F08,
0xFF470804,
0xFF000000,
0xFF000000,
0xFF000000,
0xFF000000,
0xFF000000,
0xFF000000,
0xFF000000,
0xFF000000,
0xFF404040,
0x00000000,
0x00000000,
0x00000000,
0x00000000,
0xFFC4C4C4,
0xFF000000,
0xFF000000,
0xFF000000,
0xFF470804,
0xFF892F09,
0xFF6D541F,
0xFFD2C95E,
0xFFA48D3C,
0xFF892F09,
0xFF892F09,
0xFFD2C95E,
0xFF892F09,
0xFF700F08,
0xFF892F09,
0xFFEBE8B4,
0xFF892F09,
0xFF470804,
0xFF000000,
0xFF000000,
0xFF000000,
0xFF000000,
0xFF000000,
0xFF000000,
0xFF000000,
0xFF000000,
0xFF000000,
0xFF303030,
0x00000000,
0x00000000,
0x00000000,
0x00000000,
0xFFC4C4C4,
0xFF000000,
0xFF000000,
0xFF000000,
0xFF700F08,
0xFF892F09,
0xFFD2C95E,
0xFF6D541F,
0xFF892F09,
0xFF700F08,
0xFF700F08,
0xFF892F09,
0xFF700F08,
0xFF470804,
0xFF700F08,
0xFF892F09,
0xFF700F08,
0xFF470804,
0xFF000000,
0xFF000000,
0xFF000000,
0xFF000000,
0xFF000000,
0xFF000000,
0xFF000000,
0xFF000000,
0xFF000000,
0xFF303030,
0x00000000,
0x00000000,
0x00000000,
0x00000000,
0xFFC4C4C4,
0xFF000000,
0xFF000000,
0xFF470804,
0xFF892F09,
0xFFD2C95E,
0xFF892F09,
0xFF892F09,
0xFF700F08,
0xFF470804,
0xFF000000,
0xFF700F08,
0xFF470804,
0xFF000000,
0xFF000000,
0xFF700F08,
0xFF470804,
0xFF000000,
0xFF000000,
0xFF000000,
0xFF000000,
0xFF000000,
0xFF000000,
0xFF000000,
0xFF000000,
0xFF000000,
0xFF000000,
0xFF303030,
0x00000000,
0x00000000,
0x00000000,
0x00000000,
0xFFC4C4C4,
0xFF000000,
0xFF470804,
0xFF700F08,
0xFF892F09,
0xFF892F09,
0xFF700F08,
0xFF470804,
0xFF000000,
0xFF470804,
0xFF000000,
0xFF000000,
0xFF000000,
0xFF000000,
0xFF000000,
0xFF000000,
0xFF000000,
0xFF000000,
0xFF000000,
0xFF000000,
0xFF000000,
0xFF000000,
0xFF000000,
0xFF000000,
0xFF000000,
0xFF000000,
0xFF000000,
0xFF404040,
0x00000000,
0x00000000,
0x00000000,
0x00000000,
0xFFC4C4C4,
0xFF000000,
0xFF000000,
0xFF700F08,
0xFF700F08,
0xFF470804,
0xFF000000,
0xFF000000,
0xFF000000,
0xFF000000,
0xFF000000,
0xFF000000,
0xFF000000,
0xFF000000,
0xFF000000,
0xFF000000,
0xFF000000,
0xFF000000,
0xFF000000,
0xFF000000,
0xFF000000,
0xFF000000,
0xFF000000,
0xFF000000,
0xFF000000,
0xFF000000,
0xFF000000,
0xFF303030,
0x00000000,
0x00000000,
0x00000000,
0x00000000,
0xFFC4C4C4,
0xFF000000,
0xFF000000,
0xFF000000,
0xFF000000,
0xFF000000,
0xFF000000,
0xFF000000,
0xFF000000,
0xFF000000,
0xFF000000,
0xFF000000,
0xFF000000,
0xFF000000,
0xFF000000,
0xFF000000,
0xFF000000,
0xFF000000,
0xFF000000,
0xFF000000,
0xFF000000,
0xFF000000,
0xFF000000,
0xFF000000,
0xFF000000,
0xFF000000,
0xFF000000,
0xFF303030,
0x00000000,
0x00000000,
0x00000000,
0x00000000,
0xFFC4C4C4,
0xFF000000,
0xFF000000,
0xFF000000,
0xFF000000,
0xFF000000,
0xFF000000,
0xFF000000,
0xFF000000,
0xFF000000,
0xFF000000,
0xFF000000,
0xFF000000,
0xFF000000,
0xFF000000,
0xFF000000,
0xFF000000,
0xFF000000,
0xFF000000,
0xFF000000,
0xFF000000,
0xFF000000,
0xFF000000,
0xFF000000,
0xFF000000,
0xFF000000,
0xFF000000,
0xFF404040,
0x00000000,
0x00000000,
0x00000000,
0x00000000,
0xFF909090,
0xFF404040,
0xFF404040,
0xFF303030,
0xFF303030,
0xFF404040,
0xFF303030,
0xFF303030,
0xFF303030,
0xFF404040,
0xFF303030,
0xFF303030,
0xFF404040,
0xFF303030,
0xFF303030,
0xFF404040,
0xFF303030,
0xFF404040,
0xFF303030,
0xFF303030,
0xFF404040,
0xFF303030,
0xFF303030,
0xFF303030,
0xFF404040,
0xFF404040,
0xFF303030,
0xFF303030,
0x00000000,
0x00000000,
0x00000000,
0x00000000,
0x00000000,
0x00000000,
0x00000000,
0x00000000,
0x00000000,
0x00000000,
0x00000000,
0x00000000,
0x00000000,
0x00000000,
0x00000000,
0x00000000,
0x00000000,
0x00000000,
0x00000000,
0x00000000,
0x00000000,
0x00000000,
0x00000000,
0x00000000,
0x00000000,
0x00000000,
0x00000000,
0x00000000,
0x00000000,
0x00000000,
0x00000000,
0x00000000,
0x00000000,
0x00000000,
0x00000000,
0x00000000,
0x00000000,
0x00000000,
0x00000000,
0x00000000,
0x00000000,
0x00000000,
0x00000000,
0x00000000,
0x00000000,
0x00000000,
0x00000000,
0x00000000,
0x00000000,
0x00000000,
0x00000000,
0x00000000,
0x00000000,
0x00000000,
0x00000000,
0x00000000,
0x00000000,
0x00000000,
0x00000000,
0x00000000,
0x00000000,
0x00000000,
0x00000000,
0x00000000,
0x00000000,
0x00000000
};
static const uint32_t sprite_1[1024] = {
    0x00000000,
0x00000000,
0x00000000,
0x00000000,
0x00000000,
0x00000000,
0x00000000,
0x00000000,
0x00000000,
0x00000000,
0x00000000,
0x00000000,
0x00000000,
0x00000000,
0x00000000,
0x00000000,
0x00000000,
0x00000000,
0x00000000,
0x00000000,
0x00000000,
0x00000000,
0x00000000,
0x00000000,
0x00000000,
0x00000000,
0x00000000,
0x00000000,
0x00000000,
0x00000000,
0x00000000,
0x00000000,
0x00000000,
0x00000000,
0x00000000,
0x00000000,
0x00000000,
0x00000000,
0x00000000,
0x00000000,
0x00000000,
0x00000000,
0x00000000,
0x00000000,
0x00000000,
0x00000000,
0x00000000,
0x00000000,
0x00000000,
0x00000000,
0x00000000,
0x00000000,
0x00000000,
0x00000000,
0x00000000,
0x00000000,
0x00000000,
0x00000000,
0x00000000,
0x00000000,
0x00000000,
0x00000000,
0x00000000,
0x00000000,
0x00000000,
0x00000000,
0xFFC4C4C4,
0xFFC4C4C4,
0xFFC4C4C4,
0xFFC4C4C4,
0xFFC4C4C4,
0xFFC4C4C4,
0xFFC4C4C4,
0xFFC4C4C4,
0xFFC4C4C4,
0xFFC4C4C4,
0xFFC4C4C4,
0xFFC4C4C4,
0xFFC4C4C4,
0xFFC4C4C4,
0xFFC4C4C4,
0xFFC4C4C4,
0xFFC4C4C4,
0xFFC4C4C4,
0xFFC4C4C4,
0xFFC4C4C4,
0xFFC4C4C4,
0xFFC4C4C4,
0xFFC4C4C4,
0xFFC4C4C4,
0xFFC4C4C4,
0xFFC4C4C4,
0xFFC4C4C4,
0xFF909090,
0x00000000,
0x00000000,
0x00000000,
0x00000000,
0xFFC4C4C4,
0xFF000000,
0xFF000000,
0xFF000000,
0xFF000000,
0xFF000000,
0xFF000000,
0xFF000000,
0xFF000000,
0xFF000000,
0xFF000000,
0xFF000000,
0xFF000000,
0xFF000000,
0xFF000000,
0xFF000000,
0xFF000000,
0xFF000000,
0xFF000000,
0xFF000000,
0xFF000000,
0xFF000000,
0xFF000000,
0xFF000000,
0xFF000000,
0xFF000000,
0xFF000000,
0xFF303030,
0x00000000,
0x00000000,
0x00000000,
0x00000000,
0xFFC4C4C4,
0xFF000000,
0xFF000000,
0xFF000000,
0xFF000000,
0xFF000000,
0xFF000000,
0xFF000000,
0xFF000000,
0xFF000000,
0xFF000000,
0xFF000000,
0xFF000000,
0xFF000000,
0xFF000000,
0xFF000000,
0xFF000000,
0xFF000000,
0xFF000000,
0xFF000000,
0xFF000000,
0xFF000000,
0xFF000000,
0xFF000000,
0xFF000000,
0xFF000000,
0xFF000000,
0xFF303030,
0x00000000,
0x00000000,
0x00000000,
0x00000000,
0xFFC4C4C4,
0xFF000000,
0xFF000000,
0xFF000000,
0xFF000000,
0xFF000000,
0xFF000000,
0xFF000000,
0xFF000000,
0xFF000000,
0xFF000000,
0xFF000000,
0xFF000000,
0xFF000000,
0xFF000000,
0xFF000000,
0xFF000000,
0xFF000000,
0xFF000000,
0xFF000000,
0xFF000000,
0xFF000100,
0xFF000200,
0xFF000200,
0xFF000000,
0xFF000000,
0xFF000000,
0xFF404040,
0x00000000,
0x00000000,
0x00000000,
0x00000000,
0xFFC4C4C4,
0xFF000000,
0xFF000000,
0xFF000000,
0xFF000000,
0xFF000000,
0xFF000000,
0xFF000000,
0xFF000000,
0xFF000000,
0xFF000000,
0xFF000000,
0xFF000000,
0xFF000000,
0xFF000000,
0xFF000000,
0xFF000000,
0xFF000000,
0xFF000000,
0xFF010501,
0xFF041205,
0xFF072E0B,
0xFF083D0F,
0xFF021605,
0xFF000200,
0xFF000000,
0xFF000000,
0xFF404040,
0x00000000,
0x00000000,
0x00000000,
0x00000000,
0xFFC4C4C4,
0xFF000000,
0xFF000000,
0xFF000000,
0xFF000000,
0xFF000000,
0xFF000000,
0xFF000000,
0xFF000000,
0xFF000000,
0xFF000000,
0xFF000000,
0xFF000000,
0xFF000000,
0xFF000000,
0xFF000100,
0xFF000401,
0xFF000100,
0xFF010601,
0xFF104316,
0xFF52C189,
0xFF2AB83E,
0xFF10751E,
0xFF062A0A,
0xFF000300,
0xFF000000,
0xFF000000,
0xFF303030,
0x00000000,
0x00000000,
0x00000000,
0x00000000,
0xFFC4C4C4,
0xFF000000,
0xFF000000,
0xFF000000,
0xFF000000,
0xFF000000,
0xFF000000,
0xFF000000,
0xFF000000,
0xFF000000,
0xFF000000,
0xFF000000,
0xFF000000,
0xFF000000,
0xFF000401,
0xFF042609,
0xFF0C4414,
0xFF021504,
0xFF0B3710,
0xFF48BA59,
0xFF9AECD5,
0xFF94DE9E,
0xFF0C4B14,
0xFF000601,
0xFF000000,
0xFF000000,
0xFF000000,
0xFF303030,
0x00000000,
0x00000000,
0x00000000,
0x00000000,
0xFFC4C4C4,
0xFF000000,
0xFF000000,
0xFF000000,
0xFF000000,
0xFF000000,
0xFF000000,
0xFF000000,
0xFF000000,
0xFF000000,
0xFF000000,
0xFF000000,
0xFF000000,
0xFF000300,
0xFF031906,
0xFF176448,
0xFF36DBAE,
0xFF157021,
0xFF66BE79,
0xFFB4EFD3,
0xFF36DB7D,
0xFF2AB83E,
0xFF072A0C,
0xFF000000,
0xFF000000,
0xFF000000,
0xFF000000,
0xFF303030,
0x00000000,
0x00000000,
0x00000000,
0x00000000,
0xFFC4C4C4,
0xFF000000,
0xFF000000,
0xFF000000,
0xFF000000,
0xFF000000,
0xFF000000,
0xFF000000,
0xFF000000,
0xFF000000,
0xFF000000,
0xFF000000,
0xFF000000,
0xFF031605,
0xFF0D5D14,
0xFF22B14A,
0xFF2BC440,
0xFF21A633,
0xFF70DE9B,
0xFF44DBA8,
0xFF2CC441,
0xFF156A21,
0xFF010701,
0xFF000000,
0xFF000000,
0xFF000000,
0xFF000000,
0xFF404040,
0x00000000,
0x00000000,
0x00000000,
0x00000000,
0xFFC4C4C4,
0xFF000000,
0xFF000000,
0xFF000000,
0xFF000000,
0xFF000000,
0xFF000000,
0xFF000000,
0xFF000000,
0xFF000000,
0xFF000000,
0xFF000000,
0xFF000000,
0xFF052F03,
0xFF094911,
0xFF116B1E,
0xFF1F9F30,
0xFF22A93F,
0xFF24B643,
0xFF23B036,
0xFF147422,
0xFF020F03,
0xFF000000,
0xFF000000,
0xFF000000,
0xFF000000,
0xFF000000,
0xFF303030,
0x00000000,
0x00000000,
0x00000000,
0x00000000,
0xFFC4C4C4,
0xFF000000,
0xFF000000,
0xFF000000,
0xFF000000,
0xFF000000,
0xFF000000,
0xFF000000,
0xFF000000,
0xFF000000,
0xFF000200,
0xFF021405,
0xFF010701,
0xFF042902,
0xFF032008,
0xFF167C24,
0xFF29B83D,
0xFF32D28C,
0xFF24AD5E,
0xFF106D1C,
0xFF042609,
0xFF000300,
0xFF000000,
0xFF000000,
0xFF000000,
0xFF000000,
0xFF000000,
0xFF303030,
0x00000000,
0x00000000,
0x00000000,
0x00000000,
0xFFC4C4C4,
0xFF000000,
0xFF000000,
0xFF000000,
0xFF000000,
0xFF000000,
0xFF000000,
0xFF000000,
0xFF000000,
0xFF000000,
0xFF021405,
0xFF0C5A16,
0xFF052A0B,
0xFF000501,
0xFF021605,
0xFF137120,
0xFF24A649,
0xFF32D19E,
0xFF105F1B,
0xFF042309,
0xFF010A02,
0xFF000100,
0xFF000000,
0xFF000000,
0xFF000000,
0xFF000000,
0xFF000000,
0xFF404040,
0x00000000,
0x00000000,
0x00000000,
0x00000000,
0xFFC4C4C4,
0xFF000000,
0xFF000000,
0xFF000000,
0xFF000000,
0xFF000000,
0xFF000000,
0xFF000000,
0xFF000000,
0xFF000000,
0xFF010701,
0xFF052A0B,
0xFF010F04,
0xFF000300,
0xFF011405,
0xFF0C5717,
0xFF11731F,
0xFF168F28,
0xFF11791F,
0xFF031E07,
0xFF000100,
0xFF000000,
0xFF000000,
0xFF000000,
0xFF000000,
0xFF000000,
0xFF000000,
0xFF303030,
0x00000000,
0x00000000,
0x00000000,
0x00000000,
0xFFC4C4C4,
0xFF000000,
0xFF000000,
0xFF000000,
0xFF000000,
0xFF000000,
0xFF000000,
0xFF000000,
0xFF000000,
0xFF000501,
0xFF010902,
0xFF000801,
0xFF000601,
0xFF021B07,
0xFF0B5316,
0xFF0B4916,
0xFF032208,
0xFF0B5416,
0xFF0A5116,
0xFF011405,
0xFF000000,
0xFF000000,
0xFF000000,
0xFF000000,
0xFF000000,
0xFF000000,
0xFF000000,
0xFF404040,
0x00000000,
0x00000000,
0x00000000,
0x00000000,
0xFFC4C4C4,
0xFF000000,
0xFF000000,
0xFF000000,
0xFF000000,
0xFF000000,
0xFF000000,
0xFF000000,
0xFF010A02,
0xFF042C0B,
0xFF11652D,
0xFF03220A,
0xFF011204,
0xFF0B5D18,
0xFF22A35F,
0xFF28AD78,
0xFF093A12,
0xFF010D05,
0xFF011206,
0xFF000301,
0xFF000001,
0xFF000000,
0xFF000000,
0xFF000000,
0xFF000000,
0xFF000000,
0xFF000000,
0xFF303030,
0x00000000,
0x00000000,
0x00000000,
0x00000000,
0xFFC4C4C4,
0xFF000000,
0xFF000000,
0xFF000000,
0xFF000000,
0xFF000000,
0xFF000000,
0xFF000200,
0xFF011506,
0xFF0C5D18,
0xFF24AA6E,
0xFF0E5A29,
0xFF011606,
0xFF0A5016,
0xFF1A8749,
0xFF209364,
0xFF073911,
0xFF010804,
0xFF000203,
0xFF000202,
0xFF000101,
0xFF000001,
0xFF000000,
0xFF000000,
0xFF000000,
0xFF000000,
0xFF000000,
0xFF303030,
0x00000000,
0x00000000,
0x00000000,
0x00000000,
0xFFC4C4C4,
0xFF000000,
0xFF000000,
0xFF000000,
0xFF000000,
0xFF000000,
0xFF000000,
0xFF000000,
0xFF010A03,
0xFF03280B,
0xFF094813,
0xFF021B07,
0xFF000903,
0xFF021D0A,
0xFF0A481D,
0xFF0A481D,
0xFF021C0A,
0xFF000605,
0xFF000304,
0xFF000203,
0xFF000202,
0xFF000101,
0xFF000001,
0xFF000000,
0xFF000000,
0xFF000000,
0xFF000000,
0xFF404040,
0x00000000,
0x00000000,
0x00000000,
0x00000000,
0xFFC4C4C4,
0xFF000000,
0xFF000000,
0xFF000001,
0xFF000001,
0xFF000001,
0xFF000000,
0xFF000101,
0xFF000102,
0xFF000603,
0xFF010B05,
0xFF011708,
0xFF011107,
0xFF021D06,
0xFF010D08,
0xFF011008,
0xFF010907,
0xFF000405,
0xFF000405,
0xFF000304,
0xFF000203,
0xFF000102,
0xFF000101,
0xFF000000,
0xFF000000,
0xFF000000,
0xFF000000,
0xFF303030,
0x00000000,
0x00000000,
0x00000000,
0x00000000,
0xFFC4C4C4,
0xFF000001,
0xFF000101,
0xFF000101,
0xFF000101,
0xFF000101,
0xFF011203,
0xFF043605,
0xFF010804,
0xFF04290E,
0xFF12632C,
0xFF05260F,
0xFF010C07,
0xFF000506,
0xFF000506,
0xFF000606,
0xFF000507,
0xFF000506,
0xFF000405,
0xFF000304,
0xFF000203,
0xFF000202,
0xFF000101,
0xFF000000,
0xFF000000,
0xFF000000,
0xFF000000,
0xFF303030,
0x00000000,
0x00000000,
0x00000000,
0x00000000,
0xFFC4C4C4,
0xFF000101,
0xFF000102,
0xFF000202,
0xFF000202,
0xFF000203,
0xFF011004,
0xFF011804,
0xFF011007,
0xFF0A4216,
0xFF1A764E,
0xFF0D4823,
0xFF000507,
0xFF000507,
0xFF000507,
0xFF000507,
0xFF000607,
0xFF000506,
0xFF000406,
0xFF000405,
0xFF000303,
0xFF000202,
0xFF000101,
0xFF000000,
0xFF000000,
0xFF000000,
0xFF000000,
0xFF404040,
0x00000000,
0x00000000,
0x00000000,
0x00000000,
0xFFC4C4C4,
0xFF000202,
0xFF000203,
0xFF000304,
0xFF000304,
0xFF000404,
0xFF011308,
0xFF010806,
0xFF010B07,
0xFF02220E,
0xFF083714,
0xFF021A0C,
0xFF000507,
0xFF000707,
0xFF000607,
0xFF000507,
0xFF000507,
0xFF000506,
0xFF000405,
0xFF000304,
0xFF000203,
0xFF000102,
0xFF000101,
0xFF000000,
0xFF000000,
0xFF000000,
0xFF000000,
0xFF303030,
0x00000000,
0x00000000,
0x00000000,
0x00000000,
0xFFC4C4C4,
0xFF000203,
0xFF000304,
0xFF000405,
0xFF000405,
0xFF011108,
0xFF083E15,
0xFF021E0C,
0xFF000605,
0xFF010B07,
0xFF010E09,
0xFF010907,
0xFF000607,
0xFF000507,
0xFF000507,
0xFF000507,
0xFF000506,
0xFF000406,
0xFF000405,
0xFF000304,
0xFF000203,
0xFF000101,
0xFF000001,
0xFF000000,
0xFF000000,
0xFF000000,
0xFF000000,
0xFF303030,
0x00000000,
0x00000000,
0x00000000,
0x00000000,
0xFFC4C4C4,
0xFF000304,
0xFF000405,
0xFF000406,
0xFF000506,
0xFF000606,
0xFF011109,
0xFF010807,
0xFF000406,
0xFF000507,
0xFF000506,
0xFF000506,
0xFF000507,
0xFF000506,
0xFF000506,
0xFF000406,
0xFF000405,
0xFF000305,
0xFF000304,
0xFF000203,
0xFF000102,
0xFF000101,
0xFF000000,
0xFF000000,
0xFF000000,
0xFF000000,
0xFF000000,
0xFF303030,
0x00000000,
0x00000000,
0x00000000,
0x00000000,
0xFFC4C4C4,
0xFF000304,
0xFF000405,
0xFF021607,
0xFF032709,
0xFF000507,
0xFF000507,
0xFF000506,
0xFF000506,
0xFF000506,
0xFF000406,
0xFF000506,
0xFF000406,
0xFF000506,
0xFF000405,
0xFF000405,
0xFF000304,
0xFF000204,
0xFF000202,
0xFF000102,
0xFF000101,
0xFF000001,
0xFF000000,
0xFF000000,
0xFF000000,
0xFF000000,
0xFF000000,
0xFF404040,
0x00000000,
0x00000000,
0x00000000,
0x00000000,
0xFFC4C4C4,
0xFF000304,
0xFF000405,
0xFF000906,
0xFF010F07,
0xFF000507,
0xFF000506,
0xFF000506,
0xFF000505,
0xFF000405,
0xFF000405,
0xFF000405,
0xFF000405,
0xFF000304,
0xFF000304,
0xFF000203,
0xFF000202,
0xFF000102,
0xFF000101,
0xFF000101,
0xFF000001,
0xFF000000,
0xFF000000,
0xFF000000,
0xFF000000,
0xFF000000,
0xFF000000,
0xFF303030,
0x00000000,
0x00000000,
0x00000000,
0x00000000,
0xFFC4C4C4,
0xFF000304,
0xFF000405,
0xFF000406,
0xFF000506,
0xFF000406,
0xFF000406,
0xFF000405,
0xFF000404,
0xFF000304,
0xFF000304,
0xFF000304,
0xFF000304,
0xFF000203,
0xFF000202,
0xFF000102,
0xFF000002,
0xFF000001,
0xFF000001,
0xFF000000,
0xFF000000,
0xFF000000,
0xFF000000,
0xFF000000,
0xFF000000,
0xFF000000,
0xFF000000,
0xFF303030,
0x00000000,
0x00000000,
0x00000000,
0x00000000,
0xFFC4C4C4,
0xFF000203,
0xFF000304,
0xFF000405,
0xFF000405,
0xFF000405,
0xFF000304,
0xFF000304,
0xFF000204,
0xFF000203,
0xFF000202,
0xFF000202,
0xFF000202,
0xFF000102,
0xFF000101,
0xFF000001,
0xFF000000,
0xFF000000,
0xFF000000,
0xFF000000,
0xFF000000,
0xFF000000,
0xFF000000,
0xFF000000,
0xFF000000,
0xFF000000,
0xFF000000,
0xFF404040,
0x00000000,
0x00000000,
0x00000000,
0x00000000,
0xFF909090,
0xFF404040,
0xFF404040,
0xFF303030,
0xFF303030,
0xFF404040,
0xFF303030,
0xFF303030,
0xFF303030,
0xFF404040,
0xFF303030,
0xFF303030,
0xFF404040,
0xFF303030,
0xFF303030,
0xFF404040,
0xFF303030,
0xFF404040,
0xFF303030,
0xFF303030,
0xFF404040,
0xFF303030,
0xFF303030,
0xFF303030,
0xFF404040,
0xFF404040,
0xFF303030,
0xFF303030,
0x00000000,
0x00000000,
0x00000000,
0x00000000,
0x00000000,
0x00000000,
0x00000000,
0x00000000,
0x00000000,
0x00000000,
0x00000000,
0x00000000,
0x00000000,
0x00000000,
0x00000000,
0x00000000,
0x00000000,
0x00000000,
0x00000000,
0x00000000,
0x00000000,
0x00000000,
0x00000000,
0x00000000,
0x00000000,
0x00000000,
0x00000000,
0x00000000,
0x00000000,
0x00000000,
0x00000000,
0x00000000,
0x00000000,
0x00000000,
0x00000000,
0x00000000,
0x00000000,
0x00000000,
0x00000000,
0x00000000,
0x00000000,
0x00000000,
0x00000000,
0x00000000,
0x00000000,
0x00000000,
0x00000000,
0x00000000,
0x00000000,
0x00000000,
0x00000000,
0x00000000,
0x00000000,
0x00000000,
0x00000000,
0x00000000,
0x00000000,
0x00000000,
0x00000000,
0x00000000,
0x00000000,
0x00000000,
0x00000000,
0x00000000,
0x00000000,
0x00000000
};
static const uint32_t sprite_2[1024] = {
    0x00000000,
0x00000000,
0x00000000,
0x00000000,
0x00000000,
0x00000000,
0x00000000,
0x00000000,
0x00000000,
0x00000000,
0x00000000,
0x00000000,
0x00000000,
0x00000000,
0x00000000,
0x00000000,
0x00000000,
0x00000000,
0x00000000,
0x00000000,
0x00000000,
0x00000000,
0x00000000,
0x00000000,
0x00000000,
0x00000000,
0x00000000,
0x00000000,
0x00000000,
0x00000000,
0x00000000,
0x00000000,
0x00000000,
0x00000000,
0x00000000,
0x00000000,
0x00000000,
0x00000000,
0x00000000,
0x00000000,
0x00000000,
0x00000000,
0x00000000,
0x00000000,
0x00000000,
0x00000000,
0x00000000,
0x00000000,
0x00000000,
0x00000000,
0x00000000,
0x00000000,
0x00000000,
0x00000000,
0x00000000,
0x00000000,
0x00000000,
0x00000000,
0x00000000,
0x00000000,
0x00000000,
0x00000000,
0x00000000,
0x00000000,
0x00000000,
0x00000000,
0xFFC3C3C3,
0xFFC3C3C3,
0xFFC3C3C3,
0xFFC3C3C3,
0xFFC3C3C3,
0xFFC3C3C3,
0xFFC3C3C3,
0xFFC3C3C3,
0xFFC3C3C3,
0xFFC3C3C3,
0xFFC3C3C3,
0xFFC3C3C3,
0xFFC3C3C3,
0xFFC3C3C3,
0xFFC3C3C3,
0xFFC3C3C3,
0xFFC3C3C3,
0xFFC3C3C3,
0xFFC3C3C3,
0xFFC3C3C3,
0xFFC3C3C3,
0xFFC3C3C3,
0xFFC3C3C3,
0xFFC3C3C3,
0xFFC3C3C3,
0xFFC3C3C3,
0xFFC3C3C3,
0xFF8F8F8F,
0x00000000,
0x00000000,
0x00000000,
0x00000000,
0xFFC3C3C3,
0xFF000000,
0xFF000000,
0xFF000000,
0xFF000000,
0xFF000000,
0xFF000000,
0xFF000000,
0xFF000000,
0xFF000000,
0xFF000000,
0xFF1C0107,
0xFF000000,
0xFF1C0107,
0xFF1C0107,
0xFF1C0107,
0xFF1C0107,
0xFF1C0107,
0xFF000000,
0xFF000000,
0xFF000000,
0xFF000000,
0xFF000000,
0xFF000000,
0xFF000000,
0xFF000000,
0xFF000000,
0xFF2F2F2F,
0x00000000,
0x00000000,
0x00000000,
0x00000000,
0xFFC3C3C3,
0xFF000000,
0xFF000000,
0xFF000000,
0xFF000000,
0xFF000000,
0xFF000000,
0xFF000000,
0xFF000000,
0xFF63061B,
0xFF63061B,
0xFFE31440,
0xFF63061B,
0xFFE31440,
0xFFE31440,
0xFFE31440,
0xFFE31440,
0xFFE31440,
0xFF63061B,
0xFF000000,
0xFF000000,
0xFF000000,
0xFF000000,
0xFF000000,
0xFF000000,
0xFF000000,
0xFF000000,
0xFF2F2F2F,
0x00000000,
0x00000000,
0x00000000,
0x00000000,
0xFFC3C3C3,
0xFF000000,
0xFF000000,
0xFF000000,
0xFF000000,
0xFF000000,
0xFF000000,
0xFF000000,
0xFF63061B,
0xFF000000,
0xFF000000,
0xFF000000,
0xFF000000,
0xFF000000,
0xFF000000,
0xFF000000,
0xFF000000,
0xFF000000,
0xFF000000,
0xFF63061B,
0xFF000000,
0xFF000000,
0xFF000000,
0xFF000000,
0xFF000000,
0xFF000000,
0xFF000000,
0xFF3F3F3F,
0x00000000,
0x00000000,
0x00000000,
0x00000000,
0xFFC3C3C3,
0xFF000000,
0xFF000000,
0xFF000000,
0xFF000000,
0xFF000000,
0xFF000000,
0xFF63061B,
0xFF000000,
0xFF000000,
0xFF7F7F7F,
0xFF7F7F7F,
0xFF7F7F7F,
0xFF7F7F7F,
0xFF7F7F7F,
0xFF7F7F7F,
0xFF7F7F7F,
0xFF7F7F7F,
0xFF000000,
0xFF000000,
0xFF63061B,
0xFF000000,
0xFF000000,
0xFF000000,
0xFF000000,
0xFF000000,
0xFF000000,
0xFF3F3F3F,
0x00000000,
0x00000000,
0x00000000,
0x00000000,
0xFFC3C3C3,
0xFF000000,
0xFF000000,
0xFF000000,
0xFF000000,
0xFF000000,
0xFF63061B,
0xFF000000,
0xFF000000,
0xFF7F7F7F,
0xFF000000,
0xFF000000,
0xFF000000,
0xFF000000,
0xFF000000,
0xFF000000,
0xFF000000,
0xFF000000,
0xFF7F7F7F,
0xFF000000,
0xFF000000,
0xFF63061B,
0xFF000000,
0xFF000000,
0xFF000000,
0xFF000000,
0xFF000000,
0xFF2F2F2F,
0x00000000,
0x00000000,
0x00000000,
0x00000000,
0xFFC3C3C3,
0xFF000000,
0xFF000000,
0xFF000000,
0xFF000000,
0xFF1C0107,
0xFFE31440,
0xFF000000,
0xFF7F7F7F,
0xFF000000,
0xFF000000,
0xFF000000,
0xFF000000,
0xFF000000,
0xFF000000,
0xFF000000,
0xFF000000,
0xFF000000,
0xFF000000,
0xFF7F7F7F,
0xFF000000,
0xFFE31440,
0xFF1C0107,
0xFF000000,
0xFF000000,
0xFF000000,
0xFF000000,
0xFF2F2F2F,
0x00000000,
0x00000000,
0x00000000,
0x00000000,
0xFFC3C3C3,
0xFF000000,
0xFF000000,
0xFF000000,
0xFF000000,
0xFF1C0107,
0xFFE31440,
0xFF000000,
0xFF7F7F7F,
0xFF000000,
0xFFFFFFFF,
0xFFFFFFFF,
0xFF7F7F7F,
0xFF000000,
0xFF000000,
0xFF000000,
0xFF000000,
0xFF000000,
0xFF000000,
0xFF7F7F7F,
0xFF000000,
0xFFE31440,
0xFF1C0107,
0xFF000000,
0xFF000000,
0xFF000000,
0xFF000000,
0xFF2F2F2F,
0x00000000,
0x00000000,
0x00000000,
0x00000000,
0xFFC3C3C3,
0xFF000000,
0xFF000000,
0xFF000000,
0xFF000000,
0xFF000000,
0xFF63061B,
0xFF000000,
0xFF7F7F7F,
0xFF000000,
0xFF7F7F7F,
0xFF000000,
0xFF000000,
0xFF000000,
0xFF000000,
0xFF000000,
0xFF000000,
0xFF000000,
0xFF000000,
0xFF7F7F7F,
0xFF000000,
0xFFE31440,
0xFF1C0107,
0xFF000000,
0xFF000000,
0xFF000000,
0xFF000000,
0xFF3F3F3F,
0x00000000,
0x00000000,
0x00000000,
0x00000000,
0xFFC3C3C3,
0xFF000000,
0xFF000000,
0xFF000000,
0xFF000000,
0xFF000000,
0xFF63061B,
0xFF000000,
0xFF7F7F7F,
0xFF000000,
0xFF000000,
0xFF000000,
0xFF000000,
0xFF000000,
0xFF000000,
0xFF000000,
0xFF000000,
0xFF000000,
0xFF000000,
0xFF7F7F7F,
0xFF000000,
0xFF63061B,
0xFF000000,
0xFF000000,
0xFF000000,
0xFF000000,
0xFF000000,
0xFF2F2F2F,
0x00000000,
0x00000000,
0x00000000,
0x00000000,
0xFFC3C3C3,
0xFF000000,
0xFF000000,
0xFF000000,
0xFFE31440,
0xFF000000,
0xFF000000,
0xFF63061B,
0xFF000000,
0xFF7F7F7F,
0xFF3F0210,
0xFFE31440,
0xFFE31440,
0xFFE31440,
0xFFE31440,
0xFF63061B,
0xFF63061B,
0xFF3F0210,
0xFF7F7F7F,
0xFF000000,
0xFF63061B,
0xFF000000,
0xFF000000,
0xFF000000,
0xFF000000,
0xFF000000,
0xFF000000,
0xFF2F2F2F,
0x00000000,
0x00000000,
0x00000000,
0x00000000,
0xFFC3C3C3,
0xFF000000,
0xFF000000,
0xFFE31440,
0xFFE64A6F,
0xFFE31440,
0xFF000000,
0xFF000000,
0xFF63061B,
0xFF000000,
0xFF7F7F7F,
0xFF3F0210,
0xFFE31440,
0xFFE31440,
0xFF63061B,
0xFF63061B,
0xFF3F0210,
0xFF7F7F7F,
0xFF000000,
0xFF63061B,
0xFF000000,
0xFF000000,
0xFF000000,
0xFF000000,
0xFFE64A6F,
0xFF000000,
0xFF000000,
0xFF3F3F3F,
0x00000000,
0x00000000,
0x00000000,
0x00000000,
0xFFC3C3C3,
0xFF000000,
0xFF000000,
0xFF000000,
0xFFE31440,
0xFF000000,
0xFF000000,
0xFF000000,
0xFF000000,
0xFF63061B,
0xFF000000,
0xFF7F7F7F,
0xFF3F0210,
0xFF63061B,
0xFF63061B,
0xFF3F0210,
0xFF7F7F7F,
0xFF000000,
0xFF63061B,
0xFF000000,
0xFF000000,
0xFF000000,
0xFF000000,
0xFF000000,
0xFF000000,
0xFF000000,
0xFF000000,
0xFF2F2F2F,
0x00000000,
0x00000000,
0x00000000,
0x00000000,
0xFFC3C3C3,
0xFF000000,
0xFFE31440,
0xFF000000,
0xFF000000,
0xFF000000,
0xFF000000,
0xFF000000,
0xFF000000,
0xFF000000,
0xFF1C0107,
0xFF000000,
0xFF7F7F7F,
0xFF3F0210,
0xFF3F0210,
0xFF7F7F7F,
0xFF000000,
0xFF1C0107,
0xFF000000,
0xFF000000,
0xFF000000,
0xFF000000,
0xFFE31440,
0xFF000000,
0xFF000000,
0xFF000000,
0xFF000000,
0xFF3F3F3F,
0x00000000,
0x00000000,
0x00000000,
0x00000000,
0xFFC3C3C3,
0xFF000000,
0xFF000000,
0xFF000000,
0xFF000000,
0xFF000000,
0xFF000000,
0xFF000000,
0xFF000000,
0xFF000000,
0xFF63061B,
0xFF000000,
0xFF7F7F7F,
0xFF000000,
0xFF000000,
0xFF7F7F7F,
0xFF000000,
0xFF1C0107,
0xFF000000,
0xFF000000,
0xFF000000,
0xFF1C0107,
0xFFE64A6F,
0xFF1C0107,
0xFF000000,
0xFF000000,
0xFF000000,
0xFF2F2F2F,
0x00000000,
0x00000000,
0x00000000,
0x00000000,
0xFFC3C3C3,
0xFF000000,
0xFF000000,
0xFF000000,
0xFF000000,
0xFFE64A6F,
0xFF000000,
0xFF000000,
0xFF000000,
0xFF63061B,
0xFF000000,
0xFF7F7F7F,
0xFF000000,
0xFF000000,
0xFF000000,
0xFF000000,
0xFF7F7F7F,
0xFF000000,
0xFF63061B,
0xFF000000,
0xFFE31440,
0xFFE64A6F,
0xFFF67C8D,
0xFFE64A6F,
0xFFE31440,
0xFF000000,
0xFF000000,
0xFF2F2F2F,
0x00000000,
0x00000000,
0x00000000,
0x00000000,
0xFFC3C3C3,
0xFF000000,
0xFF000000,
0xFF000000,
0xFF000000,
0xFF000000,
0xFF000000,
0xFF000000,
0xFF63061B,
0xFF000000,
0xFF7F7F7F,
0xFF000000,
0xFF000000,
0xFF000000,
0xFFE31440,
0xFF000000,
0xFF000000,
0xFF7F7F7F,
0xFF000000,
0xFF63061B,
0xFF000000,
0xFF1C0107,
0xFFE64A6F,
0xFF1C0107,
0xFF000000,
0xFF000000,
0xFF000000,
0xFF3F3F3F,
0x00000000,
0x00000000,
0x00000000,
0x00000000,
0xFFC3C3C3,
0xFF000000,
0xFF000000,
0xFF000000,
0xFF000000,
0xFF000000,
0xFF000000,
0xFF63061B,
0xFF000000,
0xFF7F7F7F,
0xFF000000,
0xFF7F7F7F,
0xFF000000,
0xFF000000,
0xFF000000,
0xFF000000,
0xFF000000,
0xFF000000,
0xFF7F7F7F,
0xFF000000,
0xFF63061B,
0xFF000000,
0xFFE31440,
0xFF000000,
0xFF000000,
0xFF000000,
0xFF000000,
0xFF2F2F2F,
0x00000000,
0x00000000,
0x00000000,
0x00000000,
0xFFC3C3C3,
0xFF000000,
0xFF000000,
0xFF000000,
0xFF000000,
0xFF000000,
0xFF63061B,
0xFF000000,
0xFF7F7F7F,
0xFF000000,
0xFFFFFFFF,
0xFF000000,
0xFF000000,
0xFF000000,
0xFF000000,
0xFF000000,
0xFF000000,
0xFF000000,
0xFF000000,
0xFF7F7F7F,
0xFF000000,
0xFF63061B,
0xFF000000,
0xFF000000,
0xFF000000,
0xFF000000,
0xFF000000,
0xFF2F2F2F,
0x00000000,
0x00000000,
0x00000000,
0x00000000,
0xFFC3C3C3,
0xFF000000,
0xFF000000,
0xFF000000,
0xFF000000,
0xFF1C0107,
0xFFE31440,
0xFF000000,
0xFF7F7F7F,
0xFF3F0210,
0xFFFFFFFF,
0xFFE31440,
0xFFE31440,
0xFFE31440,
0xFFE31440,
0xFFE31440,
0xFF63061B,
0xFF63061B,
0xFF3F0210,
0xFF7F7F7F,
0xFF000000,
0xFFE31440,
0xFF1C0107,
0xFF000000,
0xFF000000,
0xFF000000,
0xFF000000,
0xFF3F3F3F,
0x00000000,
0x00000000,
0x00000000,
0x00000000,
0xFFC3C3C3,
0xFF000000,
0xFF000000,
0xFF000000,
0xFF000000,
0xFF1C0107,
0xFFE31440,
0xFF000000,
0xFF7F7F7F,
0xFF3F0210,
0xFF63061B,
0xFF63061B,
0xFF63061B,
0xFF63061B,
0xFF63061B,
0xFF63061B,
0xFF63061B,
0xFF63061B,
0xFF3F0210,
0xFF7F7F7F,
0xFF000000,
0xFFE31440,
0xFF1C0107,
0xFF000000,
0xFF000000,
0xFF000000,
0xFF000000,
0xFF2F2F2F,
0x00000000,
0x00000000,
0x00000000,
0x00000000,
0xFFC3C3C3,
0xFF000000,
0xFF000000,
0xFF000000,
0xFF000000,
0xFF000000,
0xFF63061B,
0xFF000000,
0xFF7F7F7F,
0xFF3F0210,
0xFF3F0210,
0xFF3F0210,
0xFF3F0210,
0xFF3F0210,
0xFF3F0210,
0xFF3F0210,
0xFF3F0210,
0xFF3F0210,
0xFF3F0210,
0xFF7F7F7F,
0xFF000000,
0xFFE31440,
0xFF1C0107,
0xFF000000,
0xFF000000,
0xFF000000,
0xFF000000,
0xFF2F2F2F,
0x00000000,
0x00000000,
0x00000000,
0x00000000,
0xFFC3C3C3,
0xFF000000,
0xFF000000,
0xFF000000,
0xFF000000,
0xFF000000,
0xFF63061B,
0xFF000000,
0xFF000000,
0xFF7F7F7F,
0xFF3F0210,
0xFF3F0210,
0xFF3F0210,
0xFF3F0210,
0xFF3F0210,
0xFF3F0210,
0xFF3F0210,
0xFF3F0210,
0xFF7F7F7F,
0xFF000000,
0xFF000000,
0xFF63061B,
0xFF000000,
0xFF000000,
0xFF000000,
0xFF000000,
0xFF000000,
0xFF2F2F2F,
0x00000000,
0x00000000,
0x00000000,
0x00000000,
0xFFC3C3C3,
0xFF000000,
0xFF000000,
0xFF000000,
0xFF000000,
0xFF000000,
0xFF000000,
0xFF63061B,
0xFF000000,
0xFF000000,
0xFF7F7F7F,
0xFF7F7F7F,
0xFF7F7F7F,
0xFF7F7F7F,
0xFF7F7F7F,
0xFF7F7F7F,
0xFF7F7F7F,
0xFF7F7F7F,
0xFF000000,
0xFF000000,
0xFF63061B,
0xFF000000,
0xFF000000,
0xFF000000,
0xFF000000,
0xFF000000,
0xFF000000,
0xFF3F3F3F,
0x00000000,
0x00000000,
0x00000000,
0x00000000,
0xFFC3C3C3,
0xFF000000,
0xFF000000,
0xFF000000,
0xFF000000,
0xFF000000,
0xFF000000,
0xFF000000,
0xFF63061B,
0xFF000000,
0xFF000000,
0xFF000000,
0xFF000000,
0xFF000000,
0xFF000000,
0xFF000000,
0xFF000000,
0xFF000000,
0xFF000000,
0xFF63061B,
0xFF000000,
0xFF000000,
0xFF000000,
0xFF000000,
0xFF000000,
0xFF000000,
0xFF000000,
0xFF2F2F2F,
0x00000000,
0x00000000,
0x00000000,
0x00000000,
0xFFC3C3C3,
0xFF000000,
0xFF000000,
0xFF000000,
0xFF000000,
0xFF000000,
0xFF000000,
0xFF000000,
0xFF000000,
0xFF63061B,
0xFFE31440,
0xFFE31440,
0xFFE31440,
0xFFE31440,
0xFFE31440,
0xFF63061B,
0xFFE31440,
0xFFE31440,
0xFF63061B,
0xFF000000,
0xFF000000,
0xFF000000,
0xFF000000,
0xFF000000,
0xFF000000,
0xFF000000,
0xFF000000,
0xFF2F2F2F,
0x00000000,
0x00000000,
0x00000000,
0x00000000,
0xFFC3C3C3,
0xFF000000,
0xFF000000,
0xFF000000,
0xFF000000,
0xFF000000,
0xFF000000,
0xFF000000,
0xFF000000,
0xFF000000,
0xFF1C0107,
0xFF1C0107,
0xFF1C0107,
0xFF1C0107,
0xFF1C0107,
0xFF000000,
0xFF1C0107,
0xFF1C0107,
0xFF000000,
0xFF000000,
0xFF000000,
0xFF000000,
0xFF000000,
0xFF000000,
0xFF000000,
0xFF000000,
0xFF000000,
0xFF3F3F3F,
0x00000000,
0x00000000,
0x00000000,
0x00000000,
0xFF8F8F8F,
0xFF3F3F3F,
0xFF3F3F3F,
0xFF2F2F2F,
0xFF2F2F2F,
0xFF3F3F3F,
0xFF2F2F2F,
0xFF2F2F2F,
0xFF2F2F2F,
0xFF3F3F3F,
0xFF2F2F2F,
0xFF2F2F2F,
0xFF3F3F3F,
0xFF2F2F2F,
0xFF2F2F2F,
0xFF3F3F3F,
0xFF2F2F2F,
0xFF3F3F3F,
0xFF2F2F2F,
0xFF2F2F2F,
0xFF3F3F3F,
0xFF2F2F2F,
0xFF2F2F2F,
0xFF2F2F2F,
0xFF3F3F3F,
0xFF3F3F3F,
0xFF2F2F2F,
0xFF2F2F2F,
0x00000000,
0x00000000,
0x00000000,
0x00000000,
0x00000000,
0x00000000,
0x00000000,
0x00000000,
0x00000000,
0x00000000,
0x00000000,
0x00000000,
0x00000000,
0x00000000,
0x00000000,
0x00000000,
0x00000000,
0x00000000,
0x00000000,
0x00000000,
0x00000000,
0x00000000,
0x00000000,
0x00000000,
0x00000000,
0x00000000,
0x00000000,
0x00000000,
0x00000000,
0x00000000,
0x00000000,
0x00000000,
0x00000000,
0x00000000,
0x00000000,
0x00000000,
0x00000000,
0x00000000,
0x00000000,
0x00000000,
0x00000000,
0x00000000,
0x00000000,
0x00000000,
0x00000000,
0x00000000,
0x00000000,
0x00000000,
0x00000000,
0x00000000,
0x00000000,
0x00000000,
0x00000000,
0x00000000,
0x00000000,
0x00000000,
0x00000000,
0x00000000,
0x00000000,
0x00000000,
0x00000000,
0x00000000,
0x00000000,
0x00000000,
0x00000000,
0x00000000
};
static const uint32_t sprite_3[1024] = {
    0x00000000,
0x00000000,
0x00000000,
0x00000000,
0x00000000,
0x00000000,
0x00000000,
0x00000000,
0x00000000,
0x00000000,
0x00000000,
0x00000000,
0x00000000,
0x00000000,
0x00000000,
0x00000000,
0x00000000,
0x00000000,
0x00000000,
0x00000000,
0x00000000,
0x00000000,
0x00000000,
0x00000000,
0x00000000,
0x00000000,
0x00000000,
0x00000000,
0x00000000,
0x00000000,
0x00000000,
0x00000000,
0x00000000,
0x00000000,
0x00000000,
0x00000000,
0x00000000,
0x00000000,
0x00000000,
0x00000000,
0x00000000,
0x00000000,
0x00000000,
0x00000000,
0x00000000,
0x00000000,
0x00000000,
0x00000000,
0x00000000,
0x00000000,
0x00000000,
0x00000000,
0x00000000,
0x00000000,
0x00000000,
0x00000000,
0x00000000,
0x00000000,
0x00000000,
0x00000000,
0x00000000,
0x00000000,
0x00000000,
0x00000000,
0x00000000,
0x00000000,
0xFFC4C4C4,
0xFFC4C4C4,
0xFFC4C4C4,
0xFFC4C4C4,
0xFFC4C4C4,
0xFFC4C4C4,
0xFFC4C4C4,
0xFFC4C4C4,
0xFFC4C4C4,
0xFFC4C4C4,
0xFFC4C4C4,
0xFFC4C4C4,
0xFFC4C4C4,
0xFFC4C4C4,
0xFFC4C4C4,
0xFFC4C4C4,
0xFFC4C4C4,
0xFFC4C4C4,
0xFFC4C4C4,
0xFFC4C4C4,
0xFFC4C4C4,
0xFFC4C4C4,
0xFFC4C4C4,
0xFFC4C4C4,
0xFFC4C4C4,
0xFFC4C4C4,
0xFFC4C4C4,
0xFF909090,
0x00000000,
0x00000000,
0x00000000,
0x00000000,
0xFFC4C4C4,
0xFF000000,
0xFF000000,
0xFF000000,
0xFF000000,
0xFF000000,
0xFF000000,
0xFF000000,
0xFF000000,
0xFF000000,
0xFF000000,
0xFF000000,
0xFF000000,
0xFF000000,
0xFF000000,
0xFF000000,
0xFF000000,
0xFF000000,
0xFF000000,
0xFF000000,
0xFF000000,
0xFF000000,
0xFF000000,
0xFF000000,
0xFF000000,
0xFF000000,
0xFF000000,
0xFF303030,
0x00000000,
0x00000000,
0x00000000,
0x00000000,
0xFFC4C4C4,
0xFF000000,
0xFF000000,
0xFF000000,
0xFF000000,
0xFF000000,
0xFF000000,
0xFF000000,
0xFF000000,
0xFF000000,
0xFF000000,
0xFF000000,
0xFF000000,
0xFF000000,
0xFF000000,
0xFF000000,
0xFF000000,
0xFF000000,
0xFF000000,
0xFF000000,
0xFF000000,
0xFF000000,
0xFF000000,
0xFF000000,
0xFF000000,
0xFF000000,
0xFF000000,
0xFF303030,
0x00000000,
0x00000000,
0x00000000,
0x00000000,
0xFFC4C4C4,
0xFF000000,
0xFF000000,
0xFF000000,
0xFF000000,
0xFF000000,
0xFF000000,
0xFF000000,
0xFF000000,
0xFF000000,
0xFF000000,
0xFF000000,
0xFF000000,
0xFF000000,
0xFF000000,
0xFF000000,
0xFF000000,
0xFF000000,
0xFF000000,
0xFF000000,
0xFF000000,
0xFF000000,
0xFF000000,
0xFF000000,
0xFF000000,
0xFF000000,
0xFF000000,
0xFF404040,
0x00000000,
0x00000000,
0x00000000,
0x00000000,
0xFFC4C4C4,
0xFF000000,
0xFF000000,
0xFF000000,
0xFF000000,
0xFF000000,
0xFF000000,
0xFF000000,
0xFF000000,
0xFF000000,
0xFF000000,
0xFF000000,
0xFF000000,
0xFF000000,
0xFF000000,
0xFF000000,
0xFF000000,
0xFF000000,
0xFF000000,
0xFF000000,
0xFF000000,
0xFF000000,
0xFF000000,
0xFF000000,
0xFF000000,
0xFF000000,
0xFF000000,
0xFF404040,
0x00000000,
0x00000000,
0x00000000,
0x00000000,
0xFFC4C4C4,
0xFF000000,
0xFF000000,
0xFF000000,
0xFF000000,
0xFF000000,
0xFF000000,
0xFF000000,
0xFF000000,
0xFF000000,
0xFF000000,
0xFF000000,
0xFF000000,
0xFF000000,
0xFF000000,
0xFF808080,
0xFF464646,
0xFF000000,
0xFF000000,
0xFF000000,
0xFF000000,
0xFF000000,
0xFF000000,
0xFF000000,
0xFF000000,
0xFF000000,
0xFF000000,
0xFF303030,
0x00000000,
0x00000000,
0x00000000,
0x00000000,
0xFFC4C4C4,
0xFF000000,
0xFF000000,
0xFF000000,
0xFF000000,
0xFF000000,
0xFF000000,
0xFF000000,
0xFF000000,
0xFF000000,
0xFF000000,
0xFF000000,
0xFF000000,
0xFF001940,
0xFF000000,
0xFF808080,
0xFF808080,
0xFF808080,
0xFF808080,
0xFF464646,
0xFF000000,
0xFF000000,
0xFF000000,
0xFF000000,
0xFF000000,
0xFF000000,
0xFF000000,
0xFF303030,
0x00000000,
0x00000000,
0x00000000,
0x00000000,
0xFFC4C4C4,
0xFF000000,
0xFF000000,
0xFF000000,
0xFF000000,
0xFF000000,
0xFF000000,
0xFF000000,
0xFF000000,
0xFF000000,
0xFF000000,
0xFF000000,
0xFF000000,
0xFF001940,
0xFF000000,
0xFF808080,
0xFF808080,
0xFF808080,
0xFF808080,
0xFF808080,
0xFF808080,
0xFF808080,
0xFF808080,
0xFF000000,
0xFF000000,
0xFF000000,
0xFF000000,
0xFF303030,
0x00000000,
0x00000000,
0x00000000,
0x00000000,
0xFFC4C4C4,
0xFF000000,
0xFF000000,
0xFF000000,
0xFF000000,
0xFF000000,
0xFF000000,
0xFF000000,
0xFF000000,
0xFF000000,
0xFF000000,
0xFF000000,
0xFF000000,
0xFF004593,
0xFF001940,
0xFF808080,
0xFF808080,
0xFF808080,
0xFF808080,
0xFF808080,
0xFF808080,
0xFF808080,
0xFF808080,
0xFF000000,
0xFF000000,
0xFF000000,
0xFF000000,
0xFF404040,
0x00000000,
0x00000000,
0x00000000,
0x00000000,
0xFFC4C4C4,
0xFF000000,
0xFF000000,
0xFF000000,
0xFF000000,
0xFF000000,
0xFF000000,
0xFF000000,
0xFF000000,
0xFF000000,
0xFF000000,
0xFF000000,
0xFF000000,
0xFF006BD3,
0xFF001940,
0xFF808080,
0xFF808080,
0xFF808080,
0xFF808080,
0xFF808080,
0xFF808080,
0xFF464646,
0xFF000000,
0xFF000000,
0xFF000000,
0xFF000000,
0xFF000000,
0xFF303030,
0x00000000,
0x00000000,
0x00000000,
0x00000000,
0xFFC4C4C4,
0xFF000000,
0xFF000000,
0xFF000000,
0xFF000000,
0xFF000000,
0xFF000000,
0xFF000000,
0xFF000000,
0xFF000000,
0xFF000000,
0xFF000000,
0xFF004593,
0xFF004593,
0xFF464646,
0xFF808080,
0xFF808080,
0xFF808080,
0xFF808080,
0xFF808080,
0xFF808080,
0xFF000000,
0xFF000000,
0xFF000000,
0xFF000000,
0xFF000000,
0xFF000000,
0xFF303030,
0x00000000,
0x00000000,
0x00000000,
0x00000000,
0xFFC4C4C4,
0xFF000000,
0xFF000000,
0xFF000000,
0xFF001940,
0xFF001940,
0xFF001940,
0xFF001940,
0xFF001940,
0xFF001940,
0xFF001940,
0xFF004593,
0xFF67C8FF,
0xFF001940,
0xFF808080,
0xFF808080,
0xFF808080,
0xFF808080,
0xFF808080,
0xFF808080,
0xFF464646,
0xFF000000,
0xFF000000,
0xFF000000,
0xFF000000,
0xFF000000,
0xFF000000,
0xFF404040,
0x00000000,
0x00000000,
0x00000000,
0x00000000,
0xFFC4C4C4,
0xFF004593,
0xFF004593,
0xFF004593,
0xFF004593,
0xFF004593,
0xFF006BD3,
0xFF006BD3,
0xFF006BD3,
0xFF006BD3,
0xFF67C8FF,
0xFF67C8FF,
0xFFBBE8FE,
0xFF001940,
0xFF808080,
0xFF808080,
0xFF808080,
0xFF808080,
0xFF808080,
0xFF808080,
0xFF000000,
0xFF000000,
0xFF000000,
0xFF000000,
0xFF000000,
0xFF000000,
0xFF000000,
0xFF303030,
0x00000000,
0x00000000,
0x00000000,
0x00000000,
0xFFC4C4C4,
0xFF67C8FF,
0xFF67C8FF,
0xFF67C8FF,
0xFF67C8FF,
0xFFBBE8FE,
0xFFBBE8FE,
0xFFBBE8FE,
0xFFBBE8FE,
0xFFFFFFFF,
0xFFFFFFFF,
0xFFFFFFFF,
0xFF001940,
0xFF464646,
0xFF808080,
0xFF808080,
0xFF808080,
0xFF808080,
0xFF808080,
0xFF808080,
0xFF000000,
0xFF000000,
0xFF000000,
0xFF000000,
0xFF000000,
0xFF000000,
0xFF000000,
0xFF404040,
0x00000000,
0x00000000,
0x00000000,
0x00000000,
0xFFC4C4C4,
0xFF000000,
0xFF000000,
0xFF000000,
0xFF000000,
0xFF000000,
0xFF000000,
0xFF000000,
0xFF000000,
0xFF000000,
0xFF000000,
0xFF000000,
0xFF000000,
0xFF808080,
0xFF808080,
0xFF808080,
0xFF808080,
0xFF808080,
0xFF808080,
0xFF464646,
0xFF000000,
0xFF000000,
0xFF000000,
0xFF000000,
0xFF000000,
0xFF000000,
0xFF000000,
0xFF303030,
0x00000000,
0x00000000,
0x00000000,
0x00000000,
0xFFC4C4C4,
0xFF000000,
0xFF000000,
0xFF000000,
0xFF000000,
0xFF000000,
0xFF000000,
0xFF000000,
0xFF000000,
0xFF000000,
0xFF000000,
0xFF000000,
0xFF808080,
0xFF808080,
0xFF808080,
0xFF808080,
0xFF808080,
0xFF808080,
0xFF808080,
0xFF000000,
0xFF000000,
0xFF000000,
0xFF000000,
0xFF000000,
0xFF000000,
0xFF000000,
0xFF000000,
0xFF303030,
0x00000000,
0x00000000,
0x00000000,
0x00000000,
0xFFC4C4C4,
0xFFFFFF80,
0xFFFFFF80,
0xFFFFFFCB,
0xFFFFFFCB,
0xFFFFFFCB,
0xFFFFFFCB,
0xFFFFFFFF,
0xFFFFFFFF,
0xFFFFFFFF,
0xFF303000,
0xFF808080,
0xFF808080,
0xFF808080,
0xFF808080,
0xFF808080,
0xFF808080,
0xFF808080,
0xFF808080,
0xFF464646,
0xFF000000,
0xFF000000,
0xFF000000,
0xFF000000,
0xFF000000,
0xFF000000,
0xFF000000,
0xFF404040,
0x00000000,
0x00000000,
0x00000000,
0x00000000,
0xFFC4C4C4,
0xFF9B9B00,
0xFF9B9B00,
0xFF9B9B00,
0xFFC0C000,
0xFFC0C000,
0xFFC0C000,
0xFFC0C000,
0xFFFFFF80,
0xFFFFFFCB,
0xFF303000,
0xFF808080,
0xFF808080,
0xFF808080,
0xFF808080,
0xFF808080,
0xFF808080,
0xFF808080,
0xFF808080,
0xFF808080,
0xFF464646,
0xFF000000,
0xFF000000,
0xFF000000,
0xFF000000,
0xFF000000,
0xFF000000,
0xFF303030,
0x00000000,
0x00000000,
0x00000000,
0x00000000,
0xFFC4C4C4,
0xFF000000,
0xFF000000,
0xFF000000,
0xFF000000,
0xFF303000,
0xFF303000,
0xFF303000,
0xFF9B9B00,
0xFFFFFF80,
0xFF303000,
0xFF808080,
0xFF808080,
0xFF808080,
0xFF808080,
0xFF808080,
0xFF808080,
0xFF808080,
0xFF808080,
0xFF808080,
0xFF808080,
0xFF808080,
0xFF808080,
0xFF000000,
0xFF000000,
0xFF000000,
0xFF000000,
0xFF303030,
0x00000000,
0x00000000,
0x00000000,
0x00000000,
0xFFC4C4C4,
0xFF000000,
0xFF000000,
0xFF000000,
0xFF000000,
0xFF000000,
0xFF000000,
0xFF000000,
0xFF303000,
0xFFC0C000,
0xFF303000,
0xFF303000,
0xFF303000,
0xFF303000,
0xFF808080,
0xFF808080,
0xFF808080,
0xFF808080,
0xFF808080,
0xFF808080,
0xFF808080,
0xFF808080,
0xFF808080,
0xFF808080,
0xFF000000,
0xFF000000,
0xFF000000,
0xFF404040,
0x00000000,
0x00000000,
0x00000000,
0x00000000,
0xFFC4C4C4,
0xFF000000,
0xFF000000,
0xFF000000,
0xFF000000,
0xFF000000,
0xFF000000,
0xFF000000,
0xFF000000,
0xFFC0C000,
0xFFC0C000,
0xFFC0C000,
0xFF9B9B00,
0xFF303000,
0xFF303000,
0xFF000000,
0xFF808080,
0xFF808080,
0xFF808080,
0xFF808080,
0xFF808080,
0xFF808080,
0xFF808080,
0xFF808080,
0xFF808080,
0xFF000000,
0xFF000000,
0xFF303030,
0x00000000,
0x00000000,
0x00000000,
0x00000000,
0xFFC4C4C4,
0xFF000000,
0xFF000000,
0xFF000000,
0xFF000000,
0xFF000000,
0xFF000000,
0xFF000000,
0xFF000000,
0xFF000000,
0xFF000000,
0xFF303000,
0xFF9B9B00,
0xFFC0C000,
0xFF9B9B00,
0xFF303000,
0xFF000000,
0xFF808080,
0xFF808080,
0xFF808080,
0xFF808080,
0xFF808080,
0xFF808080,
0xFF808080,
0xFF808080,
0xFF000000,
0xFF000000,
0xFF303030,
0x00000000,
0x00000000,
0x00000000,
0x00000000,
0xFFC4C4C4,
0xFF000000,
0xFF000000,
0xFF000000,
0xFF000000,
0xFF000000,
0xFF000000,
0xFF000000,
0xFF000000,
0xFF000000,
0xFF000000,
0xFF000000,
0xFF000000,
0xFF000000,
0xFF000000,
0xFF9B9B00,
0xFF303000,
0xFF000000,
0xFF000000,
0xFF000000,
0xFF000000,
0xFF000000,
0xFF000000,
0xFF000000,
0xFF000000,
0xFF000000,
0xFF000000,
0xFF303030,
0x00000000,
0x00000000,
0x00000000,
0x00000000,
0xFFC4C4C4,
0xFF000000,
0xFF000000,
0xFF000000,
0xFF000000,
0xFF000000,
0xFF000000,
0xFF000000,
0xFF000000,
0xFF000000,
0xFF000000,
0xFF000000,
0xFF000000,
0xFF000000,
0xFF000000,
0xFF000000,
0xFF000000,
0xFF000000,
0xFF000000,
0xFF000000,
0xFF000000,
0xFF000000,
0xFF000000,
0xFF000000,
0xFF000000,
0xFF000000,
0xFF000000,
0xFF404040,
0x00000000,
0x00000000,
0x00000000,
0x00000000,
0xFFC4C4C4,
0xFF000000,
0xFF000000,
0xFF000000,
0xFF000000,
0xFF000000,
0xFF000000,
0xFF000000,
0xFF000000,
0xFF000000,
0xFF000000,
0xFF000000,
0xFF000000,
0xFF000000,
0xFF000000,
0xFF000000,
0xFF000000,
0xFF000000,
0xFF000000,
0xFF000000,
0xFF000000,
0xFF000000,
0xFF000000,
0xFF000000,
0xFF000000,
0xFF000000,
0xFF000000,
0xFF303030,
0x00000000,
0x00000000,
0x00000000,
0x00000000,
0xFFC4C4C4,
0xFF000000,
0xFF000000,
0xFF000000,
0xFF000000,
0xFF000000,
0xFF000000,
0xFF000000,
0xFF000000,
0xFF000000,
0xFF000000,
0xFF000000,
0xFF000000,
0xFF000000,
0xFF000000,
0xFF000000,
0xFF000000,
0xFF000000,
0xFF000000,
0xFF000000,
0xFF000000,
0xFF000000,
0xFF000000,
0xFF000000,
0xFF000000,
0xFF000000,
0xFF000000,
0xFF303030,
0x00000000,
0x00000000,
0x00000000,
0x00000000,
0xFFC4C4C4,
0xFF000000,
0xFF000000,
0xFF000000,
0xFF000000,
0xFF000000,
0xFF000000,
0xFF000000,
0xFF000000,
0xFF000000,
0xFF000000,
0xFF000000,
0xFF000000,
0xFF000000,
0xFF000000,
0xFF000000,
0xFF000000,
0xFF000000,
0xFF000000,
0xFF000000,
0xFF000000,
0xFF000000,
0xFF000000,
0xFF000000,
0xFF000000,
0xFF000000,
0xFF000000,
0xFF404040,
0x00000000,
0x00000000,
0x00000000,
0x00000000,
0xFF909090,
0xFF404040,
0xFF404040,
0xFF303030,
0xFF303030,
0xFF404040,
0xFF303030,
0xFF303030,
0xFF303030,
0xFF404040,
0xFF303030,
0xFF303030,
0xFF404040,
0xFF303030,
0xFF303030,
0xFF404040,
0xFF303030,
0xFF404040,
0xFF303030,
0xFF303030,
0xFF404040,
0xFF303030,
0xFF303030,
0xFF303030,
0xFF404040,
0xFF404040,
0xFF303030,
0xFF303030,
0x00000000,
0x00000000,
0x00000000,
0x00000000,
0x00000000,
0x00000000,
0x00000000,
0x00000000,
0x00000000,
0x00000000,
0x00000000,
0x00000000,
0x00000000,
0x00000000,
0x00000000,
0x00000000,
0x00000000,
0x00000000,
0x00000000,
0x00000000,
0x00000000,
0x00000000,
0x00000000,
0x00000000,
0x00000000,
0x00000000,
0x00000000,
0x00000000,
0x00000000,
0x00000000,
0x00000000,
0x00000000,
0x00000000,
0x00000000,
0x00000000,
0x00000000,
0x00000000,
0x00000000,
0x00000000,
0x00000000,
0x00000000,
0x00000000,
0x00000000,
0x00000000,
0x00000000,
0x00000000,
0x00000000,
0x00000000,
0x00000000,
0x00000000,
0x00000000,
0x00000000,
0x00000000,
0x00000000,
0x00000000,
0x00000000,
0x00000000,
0x00000000,
0x00000000,
0x00000000,
0x00000000,
0x00000000,
0x00000000,
0x00000000,
0x00000000,
0x00000000
};
static const uint32_t sprite_4[1024] = {
    0x00000000,
0x00000000,
0x00000000,
0x00000000,
0x00000000,
0x00000000,
0x00000000,
0x00000000,
0x00000000,
0x00000000,
0x00000000,
0x00000000,
0x00000000,
0x00000000,
0x00000000,
0x00000000,
0x00000000,
0x00000000,
0x00000000,
0x00000000,
0x00000000,
0x00000000,
0x00000000,
0x00000000,
0x00000000,
0x00000000,
0x00000000,
0x00000000,
0x00000000,
0x00000000,
0x00000000,
0x00000000,
0x00000000,
0x00000000,
0x00000000,
0x00000000,
0x00000000,
0x00000000,
0x00000000,
0x00000000,
0x00000000,
0x00000000,
0x00000000,
0x00000000,
0x00000000,
0x00000000,
0x00000000,
0x00000000,
0x00000000,
0x00000000,
0x00000000,
0x00000000,
0x00000000,
0x00000000,
0x00000000,
0x00000000,
0x00000000,
0x00000000,
0x00000000,
0x00000000,
0x00000000,
0x00000000,
0x00000000,
0x00000000,
0x00000000,
0x00000000,
0xFFC4C4C4,
0xFFC4C4C4,
0xFFC4C4C4,
0xFFC4C4C4,
0xFFC4C4C4,
0xFFC4C4C4,
0xFFC4C4C4,
0xFFC4C4C4,
0xFFC4C4C4,
0xFFC4C4C4,
0xFFC4C4C4,
0xFFC4C4C4,
0xFFC4C4C4,
0xFFC4C4C4,
0xFFC4C4C4,
0xFFB8B8C3,
0xFFC4C4C4,
0xFFC4C4C4,
0xFFC4C4C4,
0xFFC4C4C4,
0xFFC4C4C4,
0xFFC3C3C4,
0xFFC2C3C4,
0xFFC1C3C4,
0xFFC2C3C4,
0xFFC2C3C4,
0xFFC1C3C4,
0xFF8F9090,
0x00000000,
0x00000000,
0x00000000,
0x00000000,
0xFFC4C4C4,
0xFF000000,
0xFF000000,
0xFF000000,
0xFF000000,
0xFF000000,
0xFF000000,
0xFF000000,
0xFF000000,
0xFF000000,
0xFF000000,
0xFF000000,
0xFF000000,
0xFF000000,
0xFF000000,
0xFF000000,
0xFF000000,
0xFF000000,
0xFF000000,
0xFF000000,
0xFF000000,
0xFF000000,
0xFF000000,
0xFF000000,
0xFF000000,
0xFF000000,
0xFF000000,
0xFF303030,
0x00000000,
0x00000000,
0x00000000,
0x00000000,
0xFFC4C4C4,
0xFF000000,
0xFF000000,
0xFF000000,
0xFF000000,
0xFF000000,
0xFF000000,
0xFF000000,
0xFF000000,
0xFF000000,
0xFF000000,
0xFF434300,
0xFF000000,
0xFF000000,
0xFF040400,
0xFF0A0A05,
0xFF303000,
0xFF19190C,
0xFF000000,
0xFF000000,
0xFF000000,
0xFF000000,
0xFF000000,
0xFF000000,
0xFF000000,
0xFF000000,
0xFF000000,
0xFF303030,
0x00000000,
0x00000000,
0x00000000,
0x00000000,
0xFFC4C4C4,
0xFF000000,
0xFF000000,
0xFF000000,
0xFF000000,
0xFF000000,
0xFF000000,
0xFF000000,
0xFF000000,
0xFF000000,
0xFF000000,
0xFF121200,
0xFF565600,
0xFF000000,
0xFF222207,
0xFF39391E,
0xFFC6C693,
0xFF67672A,
0xFF434300,
0xFF000000,
0xFF000000,
0xFF404020,
0xFF404020,
0xFF000000,
0xFF000000,
0xFF000000,
0xFF000000,
0xFF404040,
0x00000000,
0x00000000,
0x00000000,
0x00000000,
0xFFC4C4C4,
0xFF000000,
0xFF000000,
0xFF000000,
0xFF000000,
0xFF000000,
0xFF000000,
0xFF000000,
0xFF141400,
0xFF000000,
0xFF000000,
0xFF030303,
0xFF7B7B32,
0xFFFFFF80,
0xFFB2B27F,
0xFF676733,
0xFF000000,
0xFF020200,
0xFF121200,
0xFF000000,
0xFF000000,
0xFFFFFFAF,
0xFFFFFFCB,
0xFFFFFFCB,
0xFFF9F988,
0xFF676733,
0xFF000000,
0xFF404040,
0x00000000,
0x00000000,
0x00000000,
0x00000000,
0xFFC4C4C4,
0xFF000000,
0xFF000000,
0xFF000000,
0xFF000000,
0xFF000000,
0xFF000000,
0xFF000000,
0xFF606000,
0xFF6B6B00,
0xFF000000,
0xFF19190C,
0xFFFFFF92,
0xFF7F7F3F,
0xFF000000,
0xFF000000,
0xFF000000,
0xFF000000,
0xFF000000,
0xFF000000,
0xFF000000,
0xFFF6F68C,
0xFF5E5E42,
0xFF000000,
0xFF464623,
0xFF19190C,
0xFF000000,
0xFF303030,
0x00000000,
0x00000000,
0x00000000,
0x00000000,
0xFFC4C4C4,
0xFF000000,
0xFF000000,
0xFF000000,
0xFF000000,
0xFF000000,
0xFF000000,
0xFF000000,
0xFF121200,
0xFF626217,
0xFF060603,
0xFF000000,
0xFF222207,
0xFFF9F996,
0xFF222207,
0xFF000000,
0xFF000000,
0xFF000000,
0xFF000000,
0xFF000000,
0xFF000000,
0xFFFFFFCB,
0xFF95954A,
0xFF000000,
0xFF000000,
0xFF000000,
0xFF000000,
0xFF303030,
0x00000000,
0x00000000,
0x00000000,
0x00000000,
0xFFC4C4C4,
0xFF000000,
0xFF000000,
0xFF000000,
0xFF000000,
0xFF000000,
0xFF000000,
0xFF000000,
0xFF000000,
0xFFF3F390,
0xFF818140,
0xFF323219,
0xFF2F2F17,
0xFF7B7B32,
0xFFFFFFB2,
0xFF000000,
0xFF000000,
0xFF989859,
0xFFE5E586,
0xFF7D7D46,
0xFF737340,
0xFFFFFFCB,
0xFFB1B167,
0xFF191919,
0xFF000000,
0xFF000000,
0xFF000000,
0xFF303030,
0x00000000,
0x00000000,
0x00000000,
0x00000000,
0xFFC4C4C4,
0xFF000000,
0xFF000000,
0xFF000000,
0xFF000000,
0xFF000000,
0xFF000000,
0xFF000000,
0xFF19190C,
0xFF2F2F0B,
0xFF979779,
0xFFCFCF73,
0xFFA8A876,
0xFFF9F996,
0xFFC5C576,
0xFF646441,
0xFF2A2A03,
0xFFE1E1AD,
0xFFF2F2B3,
0xFFFFFFCB,
0xFFE7E781,
0xFF6C6C4B,
0xFFF8F891,
0xFFD1D178,
0xFF676731,
0xFF121200,
0xFF000000,
0xFF404040,
0x00000000,
0x00000000,
0x00000000,
0x00000000,
0xFFC4C4C4,
0xFF000000,
0xFF000000,
0xFF000000,
0xFF000000,
0xFF000000,
0xFF040400,
0xFF676733,
0xFF56561D,
0xFF818140,
0xFFCFCF73,
0xFF818140,
0xFF2F2F08,
0xFF7B7B32,
0xFFB2B259,
0xFFEEEE9D,
0xFFFFFF80,
0xFFFFFFCB,
0xFF000000,
0xFF000000,
0xFF000000,
0xFF000000,
0xFF000000,
0xFF8B8B45,
0xFF272709,
0xFF434300,
0xFF000000,
0xFF303030,
0x00000000,
0x00000000,
0x00000000,
0x00000000,
0xFFC4C4C4,
0xFF000000,
0xFF000000,
0xFF000000,
0xFF000000,
0xFF000000,
0xFF1E1E00,
0xFF2F2F02,
0xFF505000,
0xFF353500,
0xFF353500,
0xFF000000,
0xFF353500,
0xFF818140,
0xFF353500,
0xFF232300,
0xFFB2B259,
0xFFFFFF80,
0xFF000000,
0xFF060603,
0xFF2C2C16,
0xFF000000,
0xFF000000,
0xFF000000,
0xFF000000,
0xFF000000,
0xFF000000,
0xFF303030,
0x00000000,
0x00000000,
0x00000000,
0x00000000,
0xFFC4C4C4,
0xFF000000,
0xFF000000,
0xFF000000,
0xFF000000,
0xFF000000,
0xFF0F0F00,
0xFF1E1E00,
0xFF353500,
0xFF505000,
0xFF000000,
0xFF000000,
0xFF000000,
0xFF353500,
0xFF000000,
0xFF353500,
0xFF3D3D11,
0xFF8E8E4E,
0xFF464646,
0xFF2C2C16,
0xFFCFCF7F,
0xFFFFFFCB,
0xFF676733,
0xFF000000,
0xFF000000,
0xFF000000,
0xFF000000,
0xFF404040,
0x00000000,
0x00000000,
0x00000000,
0x00000000,
0xFFC4C4C4,
0xFF000000,
0xFF000000,
0xFF000000,
0xFF000000,
0xFF020200,
0xFF070700,
0xFF353500,
0xFF000000,
0xFF000000,
0xFF464646,
0xFF464646,
0xFF464646,
0xFF686868,
0xFF686868,
0xFF000000,
0xFF171700,
0xFF50503D,
0xFFDDDD9D,
0xFFD9D98D,
0xFFE6E6D0,
0xFF19190C,
0xFFFFFF80,
0xFF31311D,
0xFF303004,
0xFF121208,
0xFF000000,
0xFF303030,
0x00000000,
0x00000000,
0x00000000,
0x00000000,
0xFFC4C4C4,
0xFF000000,
0xFF000000,
0xFF000000,
0xFF000000,
0xFF020200,
0xFF1E1E00,
0xFF000000,
0xFF686868,
0xFF464646,
0xFF808080,
0xFF464646,
0xFF808080,
0xFF808080,
0xFF464646,
0xFF808080,
0xFF686868,
0xFF131300,
0xFF868655,
0xFFF1F18F,
0xFFC6C676,
0xFF000000,
0xFFE5E57F,
0xFFA0A079,
0xFF67672A,
0xFF131309,
0xFF000000,
0xFF404040,
0x00000000,
0x00000000,
0x00000000,
0x00000000,
0xFFC4C4C4,
0xFF000000,
0xFF000000,
0xFF000000,
0xFF050500,
0xFF020200,
0xFF000000,
0xFF686868,
0xFF464646,
0xFF808080,
0xFF464646,
0xFF808080,
0xFF808080,
0xFF464646,
0xFF808080,
0xFF808080,
0xFF464646,
0xFF000000,
0xFF7B7B32,
0xFFB2B259,
0xFFFFFFCB,
0xFF323219,
0xFF000000,
0xFF404020,
0xFF404020,
0xFF000000,
0xFF000000,
0xFF303030,
0x00000000,
0x00000000,
0x00000000,
0x00000000,
0xFFC4C4C4,
0xFF000000,
0xFF000000,
0xFF000000,
0xFF000000,
0xFF000000,
0xFF686868,
0xFF464646,
0xFF808080,
0xFF464646,
0xFF808080,
0xFF808080,
0xFF464646,
0xFF808080,
0xFF808080,
0xFF464646,
0xFF000000,
0xFF505000,
0xFF7B7B32,
0xFF303000,
0xFFF5F58F,
0xFF000000,
0xFF000000,
0xFF000000,
0xFF000000,
0xFF000000,
0xFF000000,
0xFF303030,
0x00000000,
0x00000000,
0x00000000,
0x00000000,
0xFFC4C4C4,
0xFF000000,
0xFF000000,
0xFF000000,
0xFF000000,
0xFF686868,
0xFF808080,
0xFF808080,
0xFF808080,
0xFF808080,
0xFF808080,
0xFF464646,
0xFF808080,
0xFF808080,
0xFF464646,
0xFF000000,
0xFF000000,
0xFF353500,
0xFF3F3F14,
0xFFB2B259,
0xFFFFFFCB,
0xFF000000,
0xFF000000,
0xFF060606,
0xFF2C2C2C,
0xFF000000,
0xFF000000,
0xFF404040,
0x00000000,
0x00000000,
0x00000000,
0x00000000,
0xFFC4C4C4,
0xFF000000,
0xFF000000,
0xFF000000,
0xFF464646,
0xFF808080,
0xFF808080,
0xFF808080,
0xFF808080,
0xFF808080,
0xFF686868,
0xFF808080,
0xFF808080,
0xFF464646,
0xFF000000,
0xFF000000,
0xFF353500,
0xFF444444,
0xFFB2B259,
0xFFFFFFAF,
0xFFA3A370,
0xFF000000,
0xFF323232,
0xFF797939,
0xFF6B6B00,
0xFF565600,
0xFF000000,
0xFF303030,
0x00000000,
0x00000000,
0x00000000,
0x00000000,
0xFFC4C4C4,
0xFF000000,
0xFF000000,
0xFF000000,
0xFF686868,
0xFF808080,
0xFF808080,
0xFF808080,
0xFF808080,
0xFF808080,
0xFF808080,
0xFF808080,
0xFF464646,
0xFF000000,
0xFF000000,
0xFF353500,
0xFF818140,
0xFFDBDB9C,
0xFFB4B481,
0xFF757542,
0xFFF0F07D,
0xFFFFFFCB,
0xFFD6D6BD,
0xFFBDBD51,
0xFF4A4A17,
0xFF141400,
0xFF000000,
0xFF303030,
0x00000000,
0x00000000,
0x00000000,
0x00000000,
0xFFC4C4C4,
0xFF000000,
0xFF000000,
0xFF000000,
0xFF808080,
0xFF808080,
0xFF808080,
0xFF808080,
0xFF808080,
0xFF808080,
0xFF808080,
0xFF464646,
0xFF000000,
0xFF000000,
0xFF000000,
0xFF000000,
0xFF353500,
0xFFB2B259,
0xFF75753A,
0xFF19190C,
0xFF73731E,
0xFF7D7D24,
0xFF7E7E14,
0xFF6B6B00,
0xFF000000,
0xFF000000,
0xFF000000,
0xFF404040,
0x00000000,
0x00000000,
0x00000000,
0x00000000,
0xFFC4C4C4,
0xFF000000,
0xFF000000,
0xFF686868,
0xFF808080,
0xFF808080,
0xFF808080,
0xFF808080,
0xFF808080,
0xFF808080,
0xFF808080,
0xFF686868,
0xFF686868,
0xFF808080,
0xFF808080,
0xFF000000,
0xFF000000,
0xFF828269,
0xFF363616,
0xFF000000,
0xFF121200,
0xFF434300,
0xFF141400,
0xFF000000,
0xFF000000,
0xFF000000,
0xFF000000,
0xFF303030,
0x00000000,
0x00000000,
0x00000000,
0x00000000,
0xFFC4C4C4,
0xFF000000,
0xFF686868,
0xFF808080,
0xFF808080,
0xFF808080,
0xFF808080,
0xFF808080,
0xFF808080,
0xFF808080,
0xFF808080,
0xFF808080,
0xFF808080,
0xFF808080,
0xFF464646,
0xFF000000,
0xFF30300C,
0xFF666624,
0xFF1B1B00,
0xFF000000,
0xFF000000,
0xFF000000,
0xFF000000,
0xFF000000,
0xFF000000,
0xFF000000,
0xFF000000,
0xFF303030,
0x00000000,
0x00000000,
0x00000000,
0x00000000,
0xFFC4C4C4,
0xFF000000,
0xFF808080,
0xFF808080,
0xFF808080,
0xFF808080,
0xFF808080,
0xFF808080,
0xFF808080,
0xFF808080,
0xFF808080,
0xFF808080,
0xFF464646,
0xFF000000,
0xFF000000,
0xFF000000,
0xFF505000,
0xFF353500,
0xFF000000,
0xFF000000,
0xFF000000,
0xFF000000,
0xFF000000,
0xFF000000,
0xFF000000,
0xFF000000,
0xFF000000,
0xFF303030,
0x00000000,
0x00000000,
0x00000000,
0x00000000,
0xFFC4C4C4,
0xFF000000,
0xFF808080,
0xFF808080,
0xFF808080,
0xFF808080,
0xFF808080,
0xFF808080,
0xFF808080,
0xFF464646,
0xFF000000,
0xFF000000,
0xFF000000,
0xFF000000,
0xFF000000,
0xFF0B0B00,
0xFF1F1F00,
0xFF000000,
0xFF000000,
0xFF000000,
0xFF000000,
0xFF000000,
0xFF000000,
0xFF000000,
0xFF000000,
0xFF000000,
0xFF000000,
0xFF404040,
0x00000000,
0x00000000,
0x00000000,
0x00000000,
0xFFC4C4C4,
0xFF000000,
0xFF808080,
0xFF808080,
0xFF808080,
0xFF808080,
0xFF464646,
0xFF000000,
0xFF000000,
0xFF000000,
0xFF000000,
0xFF000000,
0xFF000000,
0xFF000000,
0xFF000000,
0xFF040400,
0xFF0A0A00,
0xFF000000,
0xFF000000,
0xFF000000,
0xFF000000,
0xFF000000,
0xFF000000,
0xFF000000,
0xFF000000,
0xFF000000,
0xFF000000,
0xFF303030,
0x00000000,
0x00000000,
0x00000000,
0x00000000,
0xFFC4C4C4,
0xFF000000,
0xFF808080,
0xFF808080,
0xFF808080,
0xFF464646,
0xFF000000,
0xFF000000,
0xFF000000,
0xFF000000,
0xFF000000,
0xFF000000,
0xFF000000,
0xFF000000,
0xFF030300,
0xFF000000,
0xFF000000,
0xFF000000,
0xFF000000,
0xFF000000,
0xFF000000,
0xFF000000,
0xFF000000,
0xFF000000,
0xFF000000,
0xFF000000,
0xFF000000,
0xFF303030,
0x00000000,
0x00000000,
0x00000000,
0x00000000,
0xFFC4C4C4,
0xFF000000,
0xFF000000,
0xFF000000,
0xFF000000,
0xFF000000,
0xFF000000,
0xFF000000,
0xFF000000,
0xFF000000,
0xFF000000,
0xFF000000,
0xFF000000,
0xFF000000,
0xFF000000,
0xFF000000,
0xFF000000,
0xFF000000,
0xFF000000,
0xFF000000,
0xFF000000,
0xFF000000,
0xFF000000,
0xFF000000,
0xFF000000,
0xFF000000,
0xFF000000,
0xFF404040,
0x00000000,
0x00000000,
0x00000000,
0x00000000,
0xFF909090,
0xFF404040,
0xFF404040,
0xFF303030,
0xFF303030,
0xFF404040,
0xFF303030,
0xFF303030,
0xFF303030,
0xFF404040,
0xFF303030,
0xFF303030,
0xFF404040,
0xFF303030,
0xFF303030,
0xFF404040,
0xFF303030,
0xFF404040,
0xFF303030,
0xFF303030,
0xFF404040,
0xFF303030,
0xFF303030,
0xFF303030,
0xFF404040,
0xFF404040,
0xFF303030,
0xFF303030,
0x00000000,
0x00000000,
0x00000000,
0x00000000,
0x00000000,
0x00000000,
0x00000000,
0x00000000,
0x00000000,
0x00000000,
0x00000000,
0x00000000,
0x00000000,
0x00000000,
0x00000000,
0x00000000,
0x00000000,
0x00000000,
0x00000000,
0x00000000,
0x00000000,
0x00000000,
0x00000000,
0x00000000,
0x00000000,
0x00000000,
0x00000000,
0x00000000,
0x00000000,
0x00000000,
0x00000000,
0x00000000,
0x00000000,
0x00000000,
0x00000000,
0x00000000,
0x00000000,
0x00000000,
0x00000000,
0x00000000,
0x00000000,
0x00000000,
0x00000000,
0x00000000,
0x00000000,
0x00000000,
0x00000000,
0x00000000,
0x00000000,
0x00000000,
0x00000000,
0x00000000,
0x00000000,
0x00000000,
0x00000000,
0x00000000,
0x00000000,
0x00000000,
0x00000000,
0x00000000,
0x00000000,
0x00000000,
0x00000000,
0x00000000,
0x00000000,
0x00000000
};
static const uint32_t sprite_5[1024] = {
    0x00000000,
0x00000000,
0x00000000,
0x00000000,
0x00000000,
0x00000000,
0x00000000,
0x00000000,
0x00000000,
0x00000000,
0x00000000,
0x00000000,
0x00000000,
0x00000000,
0x00000000,
0x00000000,
0x00000000,
0x00000000,
0x00000000,
0x00000000,
0x00000000,
0x00000000,
0x00000000,
0x00000000,
0x00000000,
0x00000000,
0x00000000,
0x00000000,
0x00000000,
0x00000000,
0x00000000,
0x00000000,
0x00000000,
0x00000000,
0x00000000,
0x00000000,
0x00000000,
0x00000000,
0x00000000,
0x00000000,
0x00000000,
0x00000000,
0x00000000,
0x00000000,
0x00000000,
0x00000000,
0x00000000,
0x00000000,
0x00000000,
0x030000AA,
0x00000000,
0x00000000,
0x00000000,
0x00000000,
0x00000000,
0x00000000,
0x00000000,
0x00000000,
0x00000000,
0x00000000,
0x00000000,
0x00000000,
0x00000000,
0x00000000,
0x00000000,
0x00000000,
0xFFC4C4C4,
0xFFC4C4C4,
0xFFC4C4C4,
0xFFC4C4C4,
0xFFC4C4C4,
0xFFC4C4C4,
0xFFC4C4C4,
0xFFC4C4C4,
0xFFC4C4C4,
0xFFC4C4C4,
0xFFC4C4C4,
0xFFC4C4C4,
0xFFC4C4C4,
0xFFC4C4C4,
0xFFC4C4C4,
0xFFC4C4C4,
0xFFC4C4C4,
0xFFC4C4C4,
0xFFC4C4C4,
0xFFC4C4C4,
0xFFC4C4C4,
0xFFC4C4C4,
0xFFC4C4C4,
0xFFC4C4C4,
0xFFC4C4C4,
0xFFC4C4C4,
0xFFC4C4C4,
0xFF909090,
0x00000000,
0x00000000,
0x00000000,
0x00000000,
0xFFC4C4C4,
0xFF000000,
0xFF000000,
0xFF000000,
0xFF000000,
0xFF000000,
0xFF000000,
0xFF000000,
0xFF000000,
0xFF000000,
0xFF000000,
0xFF000000,
0xFF000000,
0xFF000000,
0xFF000017,
0xFF00007F,
0xFF0000A2,
0xFF00007F,
0xFE0000E0,
0xFF0007FF,
0xFF005DFF,
0xFF0080FF,
0xFF00C0FF,
0xFF00C0FF,
0xFF00FFFF,
0xFF80FFFF,
0xFF80FFFF,
0xFF303030,
0x00000000,
0x00000000,
0x00000000,
0x00000000,
0xFFC4C4C4,
0xFF000000,
0xFF000000,
0xFF000000,
0xFF000000,
0xFF000000,
0xFF000000,
0xFF000000,
0xFF000000,
0xFF000002,
0xFF000018,
0xFF000028,
0xFF000004,
0xFF000000,
0xFF000010,
0xFF000090,
0xFF0000B7,
0xFF0077F0,
0xFF0006FF,
0xFF006AFF,
0xFF006EFF,
0xFF00C0FF,
0xFF00C0FF,
0xFF00FFFF,
0xFF00FFFF,
0xFF00FFFF,
0xFF00FFFF,
0xFF303030,
0x00000000,
0x00000000,
0x00000000,
0x00000000,
0xFFC4C4C4,
0xFF000000,
0xFF000000,
0xFF000000,
0xFF000000,
0xFF000000,
0xFF000000,
0xFF000000,
0xFF000000,
0xFF000014,
0xFF000072,
0xFF000098,
0xFF000049,
0xFF000002,
0xFF000001,
0xFF00004B,
0xFF000084,
0xFF000CF2,
0xFF00BFFF,
0xFF00C9FF,
0xFF00C3FF,
0xFF00FFFF,
0xFF00FFFF,
0xFF80FFFF,
0xFF80FFFF,
0xFF00FFFF,
0xFF00C0FF,
0xFF404040,
0x00000000,
0x00000000,
0x00000000,
0x00000000,
0xFFC4C4C4,
0xFF000000,
0xFF000000,
0xFF000000,
0xFF000000,
0xFF000000,
0xFF000000,
0xFF000000,
0xFF000000,
0xFF000002,
0xFF00002A,
0xFF000083,
0xFF0000AA,
0xFF00004A,
0xFF000017,
0xFA000064,
0xFF000197,
0xFF002D6E,
0xFF0091FF,
0xFF00DFFF,
0xFF00FFFF,
0xFF00FFFF,
0xFF80FFFF,
0xFF80FFFF,
0xFF00FFFF,
0xFF00C0FF,
0xFF00C0FF,
0xFF404040,
0x00000000,
0x00000000,
0x00000000,
0x00000000,
0xFFC4C4C4,
0xFF000000,
0xFF000000,
0xFF000000,
0xFF000001,
0xFF000012,
0xFF000012,
0xFF000001,
0xFF000000,
0xFF000000,
0xFF000001,
0xFF000018,
0xFF000049,
0xFF0000AB,
0xFF0017BF,
0xFB0000F2,
0xFF0021FC,
0xFF0053DB,
0xFF00ACFF,
0xFF00C0FF,
0xFF00FFFF,
0xFF80FFFF,
0xFF80FFFF,
0xFF00FFFF,
0xFF00C0FF,
0xFF00C0FF,
0xFF0080FF,
0xFF303030,
0x00000000,
0x00000000,
0x00000000,
0x00000000,
0xFFC4C4C4,
0xFF000000,
0xFF000000,
0xFF000000,
0xFF000010,
0xFF000058,
0xFF000058,
0xFF000010,
0xFF000000,
0xFF000000,
0xFF000007,
0xFF00000B,
0xFF000005,
0xFF00004A,
0xFF0079FC,
0xFF0081FF,
0xFF0084FF,
0xFF0072FF,
0xFF00C0FF,
0xFF00C0FF,
0xFF00FFFF,
0xFF80FFFF,
0xFF00FFFF,
0xFF00C0FF,
0xFF00C0FF,
0xFF0080FF,
0xFF0040FF,
0xFF303030,
0x00000000,
0x00000000,
0x00000000,
0x00000000,
0xFFC4C4C4,
0xFF000000,
0xFF000000,
0xFF000000,
0xFF000006,
0xFF000026,
0xFF000026,
0xFF00000E,
0xFF000009,
0xFF000010,
0xFF00001B,
0xFF000041,
0xFF000032,
0xFF000075,
0xFF0069FF,
0xFF00B1FF,
0xFF00C8FF,
0xFF00E2FF,
0xFF00E2FF,
0xFF00FFFF,
0xFF00FFFF,
0xFF00FFFF,
0xFF00C0FF,
0xFF00BDFF,
0xFF0072FF,
0xFF007EFF,
0xFF0040FF,
0xFF303030,
0x00000000,
0x00000000,
0x00000000,
0x00000000,
0xFFC4C4C4,
0xFF000000,
0xFF000000,
0xFF000000,
0xFF000000,
0xFF000004,
0xFF000013,
0xFF000061,
0xFF00006A,
0xFF000053,
0xFF00001A,
0xFF00003C,
0xFF0000EA,
0xFF0005FF,
0xFF0057FF,
0xFF00A4FF,
0xFF00C5FF,
0xFF00E3FF,
0xFF00FFFF,
0xFF80FFFF,
0xFF00FFFF,
0xFF00ECFF,
0xFF00D4FF,
0xFF0063FF,
0xFF0019FF,
0xFF0037FF,
0xFF0000C0,
0xFF404040,
0x00000000,
0x00000000,
0x00000000,
0x00000000,
0xFFC4C4C4,
0xFF000000,
0xFF000000,
0xFF000000,
0xFF000000,
0xFF000000,
0xFF000040,
0xFF0000B6,
0xFF0000BA,
0xFF0000A9,
0xFF0000DE,
0xFF000098,
0xFF0003A5,
0xFF0046FF,
0xFF00BBFF,
0xFF00C0FF,
0xFF00FFFF,
0xFF00FFFF,
0xFF80FFFF,
0xFF00FFFF,
0xFF00FFFF,
0xFF00A0FF,
0xFF00AAFF,
0xFF0054FF,
0xFF000DFF,
0xFF0000CD,
0xFF000000,
0xFF303030,
0x00000000,
0x00000000,
0x00000000,
0x00000000,
0xFFC4C4C4,
0xFF000028,
0xFF000004,
0xFF000000,
0xFF000000,
0xFF000000,
0xFF00001C,
0xFF000091,
0xFC004EE6,
0xFF0085FC,
0xFF00BAFE,
0xFF0057FF,
0xFF004FFF,
0xFF007BFF,
0xFF00C0FF,
0xFF00FFFF,
0xFF00FFFF,
0xFF7DFFFF,
0xFF70FFFF,
0xFF00FFFF,
0xFF00C0FF,
0xFF007DFF,
0xFF006EFE,
0xFF0044FA,
0xF80000CB,
0xFF000010,
0xFF000000,
0xFF303030,
0x00000000,
0x00000000,
0x00000000,
0x00000000,
0xFFC4C4C4,
0xFF0000A7,
0xFF000028,
0xFF000000,
0xFF000000,
0xFF000003,
0xFF000054,
0xFF00004F,
0xFF00148E,
0xFF006DFE,
0xFF0072FF,
0xFF00A9FF,
0xFF00BDFF,
0xFF00C0FF,
0xFF00FFFF,
0xFF00FFFF,
0xFF80FFFF,
0xFF70FFFF,
0xFF00FFFF,
0xFF00D3FF,
0xFF0069FF,
0xFF002FA6,
0xFF0012A1,
0xFF0000CD,
0xFF0000BF,
0xFF000059,
0xFF000000,
0xFF404040,
0x00000000,
0x00000000,
0x00000000,
0x00000000,
0xFFC4C4C4,
0xFF00002B,
0xFF00002D,
0xFF00002A,
0xFF000008,
0xFF000018,
0xFF000077,
0xFD000081,
0xFF00006F,
0xFF0012FF,
0xFF0076FF,
0xFF00C1FF,
0xFF00E7FF,
0xFF00FFFF,
0xFF00FFFF,
0xFF80FFFF,
0xFF80FFFF,
0xFF00FFFF,
0xFF009DFF,
0xFF00CFFF,
0xFF0091FF,
0xFF00014C,
0xFF00008C,
0xFF000091,
0xFF0000BA,
0xFF000045,
0xFF000000,
0xFF303030,
0x00000000,
0x00000000,
0x00000000,
0x00000000,
0xFFC4C4C4,
0xFF000028,
0xFF00009D,
0xFF0000A4,
0xFF000070,
0xFF000068,
0xFE00005D,
0xFF0003EE,
0xFF0020FE,
0xFF009CFF,
0xFF007EFF,
0xFF00C0FF,
0xFF00CAFF,
0xFF00FFFF,
0xFF80FFFF,
0xFF80FFFF,
0xFF00FFFF,
0xFF00BCFF,
0xFF0068FF,
0xFF0072FF,
0xFF0062FE,
0xF40000DC,
0xFF00000B,
0xFF000044,
0xFF00009E,
0xFF000026,
0xFF000000,
0xFF404040,
0x00000000,
0x00000000,
0x00000000,
0x00000000,
0xFFC4C4C4,
0xFF00001C,
0xFF000095,
0xFF0019C5,
0xFF0000BB,
0xFE0000C9,
0xFF000668,
0xFF0010DB,
0xFF00B3FF,
0xFF00D7FF,
0xFF00C0FF,
0xFF00C0FF,
0xFF00FFFF,
0xFF80FFFF,
0xFF80FFFF,
0xFF00FFFF,
0xFF00BCFF,
0xFF005AFE,
0xFF000BA0,
0xFF000698,
0xFA0000CE,
0xFF0000AC,
0xFF000012,
0xFF000003,
0xFF000021,
0xFF000003,
0xFF000000,
0xFF303030,
0x00000000,
0x00000000,
0x00000000,
0x00000000,
0xFFC4C4C4,
0xFF00002A,
0xFF0000A5,
0xFF0066F2,
0xFF0080FF,
0xFF0023F4,
0xFF0027FE,
0xFF0064FF,
0xFF007EFF,
0xFF00F3FF,
0xFF00D1FF,
0xFF00FFFF,
0xFF00FFFF,
0xFF80FFFF,
0xFF00FFFF,
0xFF00BCFF,
0xFF005CFF,
0xFF0010F8,
0xFF0000B5,
0xFF000051,
0xFF0000A4,
0xFF000083,
0xFF000013,
0xFF000000,
0xFF000000,
0xFF000000,
0xFF000000,
0xFF303030,
0x00000000,
0x00000000,
0x00000000,
0x00000000,
0xFFC4C4C4,
0xFF000013,
0xFF00004A,
0xFF0000E7,
0xFF0083FC,
0xFF00BFFE,
0xFF008AFF,
0xFF00BDFF,
0xFF00C0FF,
0xFF00D9FF,
0xFF00FFFF,
0xFF00FFFF,
0xFF00FFFF,
0xFF00FFFF,
0xFF00B8FF,
0xFF004DFF,
0xFF0018FF,
0xFE0000F7,
0xFF0000B0,
0xFF00003D,
0xFF00004B,
0xFF00002A,
0xFF000002,
0xFF000000,
0xFF000000,
0xFF000000,
0xFF000000,
0xFF404040,
0x00000000,
0x00000000,
0x00000000,
0x00000000,
0xFFC4C4C4,
0xFF00002C,
0xFD000065,
0xFF000064,
0xFF0063FF,
0xFF00C7FF,
0xFF00D4FF,
0xFF00C0FF,
0xFF00FFFF,
0xFF00FFFF,
0xFF80FFFF,
0xFF00FFFF,
0xFF00FFFF,
0xFF00A5FE,
0xFF007FFE,
0xFF0072FE,
0xFF0033EB,
0xFF00006A,
0xFF000045,
0xFF000004,
0xFF000008,
0xFF000002,
0xFF000000,
0xFF000000,
0xFF000000,
0xFF000000,
0xFF000000,
0xFF303030,
0x00000000,
0x00000000,
0x00000000,
0x00000000,
0xFFC4C4C4,
0xFF0000CF,
0xFD0000EF,
0xFF004FDC,
0xFF007EFF,
0xFF00C8FF,
0xFF00E5FF,
0xFF00FFFF,
0xFF00FFFF,
0xFF80FFFF,
0xFF00FFFF,
0xFF00FCFF,
0xFF0095FF,
0xFF0059FD,
0xFF0076FD,
0xFF002DE9,
0xF6000DC7,
0xFF0000AF,
0xFF00009E,
0xFF000023,
0xFF000000,
0xFF000000,
0xFF000000,
0xFF000000,
0xFF000000,
0xFF000000,
0xFF000000,
0xFF303030,
0x00000000,
0x00000000,
0x00000000,
0x00000000,
0xFFC4C4C4,
0xFF0000EB,
0xFF0023FF,
0xFF0079FF,
0xFF00C0FF,
0xFF00C0FF,
0xFF00FFFF,
0xFF80FFFF,
0xFF80FFFF,
0xFF00FFFF,
0xFF00FEFF,
0xFF00A1FF,
0xFF0025FF,
0xFF0045FA,
0xFF0008D3,
0xFF0000C0,
0xFF0000A0,
0xFF00009E,
0xFF000071,
0xFF000011,
0xFF000000,
0xFF000000,
0xFF000000,
0xFF000000,
0xFF000000,
0xFF000000,
0xFF000000,
0xFF404040,
0x00000000,
0x00000000,
0x00000000,
0x00000000,
0xFFC4C4C4,
0xFF005BFF,
0xFF0079FF,
0xFF00BFFF,
0xFF00C0FF,
0xFF00FFFF,
0xFF80FFFF,
0xFF80FFFF,
0xFF00FFFF,
0xFF00FFFF,
0xFF00B5FF,
0xFF0067FF,
0xFF0010FF,
0xFF001BFE,
0xFF0000C5,
0xFF00002C,
0xFF00003F,
0xFF000092,
0xFF00008C,
0xFF000021,
0xFF000016,
0xFF000016,
0xFF000002,
0xFF000000,
0xFF000000,
0xFF000000,
0xFF000000,
0xFF303030,
0x00000000,
0x00000000,
0x00000000,
0x00000000,
0xFFC4C4C4,
0xFF007FFF,
0xFF00C0FF,
0xFF00C0FF,
0xFF00FFFF,
0xFF00FFFF,
0xFF80FFFF,
0xFF00FFFF,
0xFF00FFFF,
0xFF00C4FF,
0xFF00A6FE,
0xFF0021FA,
0xFF000474,
0xF800005E,
0xFF000000,
0xFF000000,
0xFF000017,
0xFF000076,
0xFF000076,
0xFF000028,
0xFF000067,
0xFF000067,
0xFF000014,
0xFF000000,
0xFF000000,
0xFF000000,
0xFF000000,
0xFF303030,
0x00000000,
0x00000000,
0x00000000,
0x00000000,
0xFFC4C4C4,
0xFF0080FF,
0xFF00C0FF,
0xFF00FFFF,
0xFF00FFFF,
0xFF80FFFF,
0xFF80FFFF,
0xFF00FFFF,
0xFF00D1FF,
0xFF00CCFF,
0xFF0056FA,
0xFF0042ED,
0xFE00298F,
0xFF000027,
0xFF000001,
0xFF000006,
0xFF000002,
0xFF000016,
0xFF000016,
0xFF000004,
0xFF000016,
0xFF000016,
0xFF000002,
0xFF000000,
0xFF000000,
0xFF000000,
0xFF000000,
0xFF303030,
0x00000000,
0x00000000,
0x00000000,
0x00000000,
0xFFC4C4C4,
0xFF00C0FF,
0xFF00C0FF,
0xFF00FFFF,
0xFF80FFFF,
0xFF80FFFF,
0xFF00FFFF,
0xFF00C0FF,
0xFF00BBFF,
0xFF00CDFE,
0xFF0087FC,
0xFF0080FF,
0xFF003FDF,
0xFF000092,
0xFF000020,
0xFF000041,
0xFF00000B,
0xFF000000,
0xFF000000,
0xFF000000,
0xFF000000,
0xFF000000,
0xFF000000,
0xFF000000,
0xFF000000,
0xFF000000,
0xFF000000,
0xFF404040,
0x00000000,
0x00000000,
0x00000000,
0x00000000,
0xFFC4C4C4,
0xFF00C0FF,
0xFF00FFFF,
0xFF80FFFF,
0xFF80FFFF,
0xFF00FFFF,
0xFF00BDFF,
0xFF006EFF,
0xFF0046FF,
0xFF0004F0,
0xFF0040E4,
0xFF0000C0,
0xFF0000C0,
0xFF000076,
0xFF000034,
0xFF00008E,
0xFF000021,
0xFF000000,
0xFF000000,
0xFF000000,
0xFF000000,
0xFF000000,
0xFF000000,
0xFF000000,
0xFF000000,
0xFF000000,
0xFF000000,
0xFF303030,
0x00000000,
0x00000000,
0x00000000,
0x00000000,
0xFFC4C4C4,
0xFF00FFFF,
0xFF80FFFF,
0xFF00FFFF,
0xFF00FFFF,
0xFF00C0FF,
0xFF0072FF,
0xFF0017FF,
0xFF000179,
0xFF000C71,
0xFF00006E,
0xFF00004B,
0xFF000024,
0xFF000016,
0xFF000005,
0xFF000020,
0xFF000003,
0xFF000000,
0xFF000000,
0xFF000000,
0xFF000000,
0xFF000000,
0xFF000000,
0xFF000000,
0xFF000000,
0xFF000000,
0xFF000000,
0xFF303030,
0x00000000,
0x00000000,
0x00000000,
0x00000000,
0xFFC4C4C4,
0xFF80FFFF,
0xFF00FFFF,
0xFF00FFFF,
0xFF00C0FF,
0xFF0080FF,
0xFF007EFF,
0xFF0037FF,
0xFF00004D,
0xF300006C,
0xFF000062,
0xFF00002D,
0xFF000008,
0xFF000000,
0xFF000000,
0xFF000000,
0xFF000000,
0xFF000000,
0xFF000000,
0xFF000000,
0xFF000000,
0xFF000000,
0xFF000000,
0xFF000000,
0xFF000000,
0xFF000000,
0xFF000000,
0xFF404040,
0x00000000,
0x00000000,
0x00000000,
0x00000000,
0xFF909090,
0xFF404040,
0xFF404040,
0xFF303030,
0xFF303030,
0xFF404040,
0xFF303030,
0xFF303030,
0xFF303030,
0xFF404040,
0xFF303030,
0xFF303030,
0xFF404040,
0xFF303030,
0xFF303030,
0xFF404040,
0xFF303030,
0xFF404040,
0xFF303030,
0xFF303030,
0xFF404040,
0xFF303030,
0xFF303030,
0xFF303030,
0xFF404040,
0xFF404040,
0xFF303030,
0xFF303030,
0x00000000,
0x00000000,
0x00000000,
0x00000000,
0x00000000,
0x00000000,
0x00000000,
0x00000000,
0x00000000,
0x00000000,
0x00000000,
0x00000000,
0x00000000,
0x00000000,
0x00000000,
0x00000000,
0x00000000,
0x00000000,
0x00000000,
0x00000000,
0x00000000,
0x00000000,
0x00000000,
0x00000000,
0x00000000,
0x00000000,
0x00000000,
0x00000000,
0x00000000,
0x00000000,
0x00000000,
0x00000000,
0x00000000,
0x00000000,
0x00000000,
0x00000000,
0x00000000,
0x00000000,
0x00000000,
0x00000000,
0x00000000,
0x00000000,
0x00000000,
0x00000000,
0x00000000,
0x00000000,
0x00000000,
0x00000000,
0x00000000,
0x00000000,
0x00000000,
0x00000000,
0x00000000,
0x00000000,
0x00000000,
0x00000000,
0x00000000,
0x00000000,
0x00000000,
0x00000000,
0x00000000,
0x00000000,
0x00000000,
0x00000000,
0x00000000,
0x00000000
};
static const uint32_t sprite_6[1024] = {
    0x00000000,
0x00000000,
0x00000000,
0x00000000,
0x00000000,
0x00000000,
0x00000000,
0x00000000,
0x00000000,
0x00000000,
0x00000000,
0x00000000,
0x00000000,
0x00000000,
0x00000000,
0x00000000,
0x00000000,
0x00000000,
0x00000000,
0x00000000,
0x00000000,
0x00000000,
0x00000000,
0x00000000,
0x00000000,
0x00000000,
0x00000000,
0x00000000,
0x00000000,
0x00000000,
0x00000000,
0x00000000,
0x00000000,
0x00000000,
0x00000000,
0x00000000,
0x00000000,
0x00000000,
0x00000000,
0x00000000,
0x00000000,
0x00000000,
0x00000000,
0x00000000,
0x00000000,
0x00000000,
0x00000000,
0x00000000,
0x00000000,
0x00000000,
0x00000000,
0x00000000,
0x00000000,
0x00000000,
0x00000000,
0x00000000,
0x00000000,
0x00000000,
0x00000000,
0x00000000,
0x00000000,
0x00000000,
0x00000000,
0x00000000,
0x00000000,
0x00000000,
0xFFC3C3C3,
0xFFC3C3C3,
0xFFC3C3C3,
0xFFC3C3C3,
0xFFC3C3C3,
0xFFC3C3C3,
0xFFC3C3C3,
0xFFC3C3C3,
0xFFC3C3C3,
0xFFC3C3C3,
0xFFC3C3C3,
0xFFC3C3C3,
0xFFC3C3C3,
0xFFC3C3C3,
0xFFC3C3C3,
0xFFC3C3C3,
0xFFC3C3C3,
0xFFC3C3C3,
0xFFC3C3C3,
0xFFC3C3C3,
0xFFC3C3C3,
0xFFC3C3C3,
0xFFC3C3C3,
0xFFC3C3C3,
0xFFC3C3C3,
0xFFC3C3C3,
0xFFC3C3C3,
0xFF8F8F8F,
0x00000000,
0x00000000,
0x00000000,
0x00000000,
0xFFC3C3C3,
0xFF000000,
0xFF000000,
0xFF000000,
0xFF000000,
0xFF000000,
0xFF000000,
0xFF000000,
0xFF000000,
0xFF000000,
0xFF000000,
0xFF000000,
0xFF000000,
0xFF000000,
0xFF000000,
0xFF000000,
0xFF000000,
0xFF000000,
0xFF000000,
0xFF000000,
0xFF000000,
0xFF000000,
0xFF000000,
0xFF000000,
0xFF000000,
0xFF000000,
0xFF000000,
0xFF2F2F2F,
0x00000000,
0x00000000,
0x00000000,
0x00000000,
0xFFC3C3C3,
0xFF000000,
0xFF000000,
0xFF000000,
0xFF000000,
0xFF000000,
0xFF000000,
0xFF000000,
0xFF000000,
0xFF671947,
0xFFDE64B2,
0xFFEA86CB,
0xFFDE64B2,
0xFFDE64B2,
0xFFEA86CB,
0xFFEA86CB,
0xFFE475BE,
0xFFDE64B2,
0xFF671947,
0xFF000000,
0xFF000000,
0xFF000000,
0xFF000000,
0xFF000000,
0xFF000000,
0xFF000000,
0xFF000000,
0xFF2F2F2F,
0x00000000,
0x00000000,
0x00000000,
0x00000000,
0xFFC3C3C3,
0xFF000000,
0xFF000000,
0xFF000000,
0xFF000000,
0xFF000000,
0xFF000000,
0xFF4E1636,
0xFFE475BE,
0xFFDE64B2,
0xFFCF4699,
0xFFC02881,
0xFFC02881,
0xFF932064,
0xFF932064,
0xFFA23E7C,
0xFFE475BE,
0xFFD557A6,
0xFFE475BE,
0xFFDE64B2,
0xFF4E1636,
0xFF000000,
0xFF000000,
0xFF000000,
0xFF000000,
0xFF000000,
0xFF000000,
0xFF3F3F3F,
0x00000000,
0x00000000,
0x00000000,
0x00000000,
0xFFC3C3C3,
0xFF000000,
0xFF000000,
0xFF000000,
0xFF000000,
0xFF000000,
0xFF671947,
0xFFE475BE,
0xFFC02881,
0xFF932063,
0xFFC02881,
0xFFC02881,
0xFF4C1033,
0xFF000000,
0xFF000000,
0xFF521C3D,
0xFFE475BE,
0xFFA84F89,
0xFFA23E7C,
0xFFC02881,
0xFFE374BE,
0xFF671947,
0xFF000000,
0xFF000000,
0xFF000000,
0xFF000000,
0xFF000000,
0xFF3F3F3F,
0x00000000,
0x00000000,
0x00000000,
0x00000000,
0xFFC3C3C3,
0xFF000000,
0xFF000000,
0xFF000000,
0xFF000000,
0xFF671947,
0xFFE475BE,
0xFF671947,
0xFF671947,
0xFF932063,
0xFFA82371,
0xFFC02881,
0xFF000000,
0xFF000000,
0xFF000000,
0xFF000000,
0xFFD557A6,
0xFFA23E7C,
0xFF671947,
0xFF671947,
0xFF671947,
0xFFE475BE,
0xFF671947,
0xFF000000,
0xFF000000,
0xFF000000,
0xFF000000,
0xFF2F2F2F,
0x00000000,
0x00000000,
0x00000000,
0x00000000,
0xFFC3C3C3,
0xFF000000,
0xFF000000,
0xFF000000,
0xFF330C23,
0xFFE374BE,
0xFF671947,
0xFFA23E7C,
0xFF671947,
0xFF671947,
0xFF932063,
0xFFC02881,
0xFF000000,
0xFF000000,
0xFF000000,
0xFF000000,
0xFFA23E7C,
0xFFA23E7C,
0xFF671947,
0xFF671947,
0xFF671947,
0xFF671947,
0xFFEA86CB,
0xFF671947,
0xFF000000,
0xFF000000,
0xFF000000,
0xFF2F2F2F,
0x00000000,
0x00000000,
0x00000000,
0x00000000,
0xFFC1C1C3,
0xFF000000,
0xFF000000,
0xFF4E1636,
0xFFE475BE,
0xFF932063,
0xFF000000,
0xFF671947,
0xFFA23E7C,
0xFF671947,
0xFF932063,
0xFFC02881,
0xFF000000,
0xFF000000,
0xFF000000,
0xFF000000,
0xFFA23E7C,
0xFF671947,
0xFF671947,
0xFF671947,
0xFF671947,
0xFF000000,
0xFF7C1C55,
0xFFE374BE,
0xFF4E1636,
0xFF000000,
0xFF000000,
0xFF2F2F2F,
0x00000000,
0x00000000,
0x00000000,
0x00000000,
0xFFC3C3C3,
0xFF000000,
0xFF000000,
0xFFE374BE,
0xFFD456A5,
0xFFA23E7C,
0xFF000000,
0xFF000000,
0xFF671947,
0xFFA23E7C,
0xFF671947,
0xFFA82371,
0xFF4C1033,
0xFF000000,
0xFF000000,
0xFF582847,
0xFFA23E7C,
0xFF671947,
0xFF671947,
0xFF671947,
0xFF000000,
0xFF000000,
0xFF7C1C55,
0xFFC02881,
0xFFE374BE,
0xFF000000,
0xFF000000,
0xFF3F3F3F,
0x00000000,
0x00000000,
0x00000000,
0x00000000,
0xFFC3C3C3,
0xFF000000,
0xFF671947,
0xFFDE64B2,
0xFFA23E7C,
0xFF000000,
0xFF000000,
0xFF000000,
0xFF000000,
0xFF000000,
0xFF000000,
0xFF000000,
0xFF000000,
0xFF000000,
0xFF000000,
0xFF000000,
0xFF000000,
0xFF000000,
0xFF000000,
0xFF000000,
0xFF000000,
0xFF000000,
0xFF000000,
0xFF932064,
0xFFDE64B2,
0xFF671947,
0xFF000000,
0xFF2F2F2F,
0x00000000,
0x00000000,
0x00000000,
0x00000000,
0xFFC3C3C3,
0xFF000000,
0xFFDE64B2,
0xFFC02881,
0xFF932063,
0xFF932063,
0xFF932063,
0xFFA23E7C,
0xFF401831,
0xFF000000,
0xFF000000,
0xFF000000,
0xFF000000,
0xFF000000,
0xFF000000,
0xFF000000,
0xFF000000,
0xFF000000,
0xFF000000,
0xFF310B22,
0xFF932064,
0xFF7C1C55,
0xFF7C1C54,
0xFF932063,
0xFFCE4599,
0xFFDE64B2,
0xFF000000,
0xFF2F2F2F,
0x00000000,
0x00000000,
0x00000000,
0x00000000,
0xFFC3C3C3,
0xFF000000,
0xFFE374BE,
0xFFA23E7C,
0xFFB8428A,
0xFFA92472,
0xFF932063,
0xFF932063,
0xFF932063,
0xFFA23E7C,
0xFFA23E7C,
0xFF521C3D,
0xFF000000,
0xFF000000,
0xFF000000,
0xFF000000,
0xFF401831,
0xFF932064,
0xFF932064,
0xFF922063,
0xFF932063,
0xFF932063,
0xFF932063,
0xFF932063,
0xFF932063,
0xFFEA86CB,
0xFF000000,
0xFF3F3F3F,
0x00000000,
0x00000000,
0x00000000,
0x00000000,
0xFFC3C3C3,
0xFF000000,
0xFFE475BE,
0xFF671947,
0xFF932064,
0xFFA23E7C,
0xFFA23E7C,
0xFFA23E7C,
0xFFB8428A,
0xFFC02881,
0xFF932063,
0xFF7C1C54,
0xFF000000,
0xFF000000,
0xFF000000,
0xFF000000,
0xFFC02881,
0xFF932063,
0xFF932063,
0xFF932063,
0xFF932063,
0xFF932063,
0xFF932063,
0xFF932063,
0xFF932063,
0xFFE475BE,
0xFF000000,
0xFF2F2F2F,
0x00000000,
0x00000000,
0x00000000,
0x00000000,
0xFFC3C3C3,
0xFF000000,
0xFFEA86CB,
0xFF671947,
0xFF671947,
0xFF671947,
0xFF671947,
0xFF671947,
0xFF932064,
0xFFA23E7C,
0xFFA23E7C,
0xFFB8428A,
0xFF000000,
0xFF000000,
0xFF000000,
0xFF000000,
0xFF932063,
0xFF932063,
0xFF932063,
0xFF932063,
0xFF932063,
0xFF932063,
0xFF932063,
0xFF932063,
0xFFC02881,
0xFFE475BE,
0xFF000000,
0xFF3F3F3F,
0x00000000,
0x00000000,
0x00000000,
0x00000000,
0xFFC3C3C3,
0xFF000000,
0xFFE374BE,
0xFF671947,
0xFF671947,
0xFF671947,
0xFF671947,
0xFF671947,
0xFF932064,
0xFFA92472,
0xFFA92472,
0xFFC02881,
0xFF000000,
0xFF000000,
0xFF000000,
0xFF000000,
0xFFDE64B2,
0xFFDE64B2,
0xFFDE64B2,
0xFFDE64B2,
0xFFCF4699,
0xFFCF4699,
0xFFCF4699,
0xFFCF4699,
0xFFCF4699,
0xFFE374BE,
0xFF000000,
0xFF2F2F2F,
0x00000000,
0x00000000,
0x00000000,
0x00000000,
0xFFC3C3C3,
0xFF000000,
0xFFDE64B2,
0xFF932064,
0xFF932064,
0xFFA92472,
0xFFC02881,
0xFFC02881,
0xFFC02881,
0xFFC02881,
0xFFA92472,
0xFF3A0C28,
0xFF000000,
0xFF000000,
0xFF000000,
0xFF000000,
0xFF582847,
0xFFDE64B2,
0xFFDE64B2,
0xFFDE64B2,
0xFFDE64B2,
0xFFDE64B2,
0xFFDE64B2,
0xFFDE64B2,
0xFFDE64B2,
0xFFE374BE,
0xFF000000,
0xFF2F2F2F,
0x00000000,
0x00000000,
0x00000000,
0x00000000,
0xFFC3C3C3,
0xFF000000,
0xFFE475BE,
0xFFCE4599,
0xFFCE4599,
0xFFC02881,
0xFFA92472,
0xFFA92472,
0xFF932064,
0xFF932064,
0xFF671947,
0xFF000000,
0xFF000000,
0xFF000000,
0xFF000000,
0xFF000000,
0xFF000000,
0xFFA23E7C,
0xFFDE64B2,
0xFFA23E7C,
0xFFA23E7C,
0xFFA23E7C,
0xFFD456A5,
0xFFD456A5,
0xFFE374BE,
0xFFEA86CB,
0xFF000000,
0xFF3F3F3F,
0x00000000,
0x00000000,
0x00000000,
0x00000000,
0xFFC3C3C3,
0xFF000000,
0xFFE374BE,
0xFFCE4599,
0xFF932064,
0xFF932064,
0xFF932064,
0xFF932064,
0xFF671947,
0xFF671947,
0xFF671947,
0xFF000000,
0xFF000000,
0xFF000000,
0xFF000000,
0xFF000000,
0xFF000000,
0xFF671947,
0xFFA23E7C,
0xFFA23E7C,
0xFFA23E7C,
0xFFA23E7C,
0xFFA23E7C,
0xFFA84F88,
0xFFD456A5,
0xFFDE64B2,
0xFF000000,
0xFF2F2F2F,
0x00000000,
0x00000000,
0x00000000,
0x00000000,
0xFFC3C3C3,
0xFF000000,
0xFF671947,
0xFFDE64B2,
0xFF932064,
0xFF932064,
0xFF671947,
0xFF671947,
0xFF671947,
0xFF671947,
0xFF521B3D,
0xFF000000,
0xFF000000,
0xFFA23E7C,
0xFF7C1C55,
0xFF000000,
0xFF000000,
0xFF290A1C,
0xFF671947,
0xFF932064,
0xFFA23E7C,
0xFFA84F89,
0xFFA23E7C,
0xFFA23E7C,
0xFFE374BE,
0xFF671947,
0xFF000000,
0xFF2F2F2F,
0x00000000,
0x00000000,
0x00000000,
0x00000000,
0xFFC3C3C3,
0xFF000000,
0xFF000000,
0xFFE374BE,
0xFFC02881,
0xFF671947,
0xFF671947,
0xFF671947,
0xFF671947,
0xFFC02881,
0xFF000000,
0xFF000000,
0xFFB7418A,
0xFFA23E7C,
0xFF671947,
0xFF932064,
0xFF000000,
0xFF000000,
0xFF671947,
0xFF671947,
0xFF671947,
0xFFA23E7C,
0xFFA84F89,
0xFFD557A6,
0xFFDE64B2,
0xFF000000,
0xFF000000,
0xFF3F3F3F,
0x00000000,
0x00000000,
0x00000000,
0x00000000,
0xFFC3C3C3,
0xFF000000,
0xFF000000,
0xFF4E1636,
0xFFDE64B2,
0xFF671947,
0xFF671947,
0xFF671947,
0xFF7C1C55,
0xFFCE4599,
0xFF000000,
0xFF000000,
0xFFA23E7C,
0xFFA23E7C,
0xFF671947,
0xFF932064,
0xFF000000,
0xFF000000,
0xFF671947,
0xFF671947,
0xFF671947,
0xFF671947,
0xFFA23E7C,
0xFFE475BE,
0xFF4E1636,
0xFF000000,
0xFF000000,
0xFF2F2F2F,
0x00000000,
0x00000000,
0x00000000,
0x00000000,
0xFFC3C3C3,
0xFF000000,
0xFF000000,
0xFF000000,
0xFF330C23,
0xFFE374BE,
0xFF671947,
0xFF7C1C55,
0xFFCE4599,
0xFF000000,
0xFF000000,
0xFF3A0C28,
0xFFA23E7C,
0xFFA23E7C,
0xFF671947,
0xFF932064,
0xFF310B22,
0xFF000000,
0xFF000000,
0xFF671947,
0xFF671947,
0xFF671947,
0xFFEA86CB,
0xFF671947,
0xFF000000,
0xFF000000,
0xFF000000,
0xFF2F2F2F,
0x00000000,
0x00000000,
0x00000000,
0x00000000,
0xFFC3C3C3,
0xFF000000,
0xFF000000,
0xFF000000,
0xFF000000,
0xFF671947,
0xFFEA86CB,
0xFFCE4599,
0xFF000000,
0xFF000000,
0xFF000000,
0xFFA82371,
0xFFA23E7C,
0xFFA23E7C,
0xFF671947,
0xFF7C1C55,
0xFF932064,
0xFF000000,
0xFF000000,
0xFF000000,
0xFF7C1C54,
0xFFEA86CB,
0xFF671947,
0xFF000000,
0xFF000000,
0xFF000000,
0xFF000000,
0xFF2F2F2F,
0x00000000,
0x00000000,
0x00000000,
0x00000000,
0xFFC3C3C3,
0xFF000000,
0xFF000000,
0xFF000000,
0xFF000000,
0xFF000000,
0xFF671947,
0xFF000000,
0xFF000000,
0xFF000000,
0xFF000000,
0xFFA82371,
0xFFA23E7C,
0xFFA23E7C,
0xFF671947,
0xFF671947,
0xFFA23E7C,
0xFF000000,
0xFF000000,
0xFF000000,
0xFF000000,
0xFF671947,
0xFF000000,
0xFF000000,
0xFF000000,
0xFF000000,
0xFF000000,
0xFF3F3F3F,
0x00000000,
0x00000000,
0x00000000,
0x00000000,
0xFFC3C3C3,
0xFF000000,
0xFF000000,
0xFF000000,
0xFF000000,
0xFF000000,
0xFF000000,
0xFF4E1636,
0xFFE475BE,
0xFFDE64B2,
0xFFC02881,
0xFFA23E7C,
0xFFA23E7C,
0xFFA23E7C,
0xFF932063,
0xFF671947,
0xFFA23E7C,
0xFFCF4699,
0xFFDE64B2,
0xFFE475BE,
0xFF4E1636,
0xFF000000,
0xFF000000,
0xFF000000,
0xFF000000,
0xFF000000,
0xFF000000,
0xFF2F2F2F,
0x00000000,
0x00000000,
0x00000000,
0x00000000,
0xFFC3C3C3,
0xFF000000,
0xFF000000,
0xFF000000,
0xFF000000,
0xFF000000,
0xFF000000,
0xFF000000,
0xFF000000,
0xFF671947,
0xFFDE64B2,
0xFFEA86CB,
0xFFDE64B2,
0xFFE475BE,
0xFFEA86CB,
0xFFE374BE,
0xFFE374BE,
0xFFE475BE,
0xFF671947,
0xFF000000,
0xFF000000,
0xFF000000,
0xFF000000,
0xFF000000,
0xFF000000,
0xFF000000,
0xFF000000,
0xFF2F2F2F,
0x00000000,
0x00000000,
0x00000000,
0x00000000,
0xFFC3C3C3,
0xFF000000,
0xFF000000,
0xFF000000,
0xFF000000,
0xFF000000,
0xFF000000,
0xFF000000,
0xFF000000,
0xFF000000,
0xFF000000,
0xFF000000,
0xFF000000,
0xFF000000,
0xFF000000,
0xFF000000,
0xFF000000,
0xFF000000,
0xFF000000,
0xFF000000,
0xFF000000,
0xFF000000,
0xFF000000,
0xFF000000,
0xFF000000,
0xFF000000,
0xFF000000,
0xFF3F3F3F,
0x00000000,
0x00000000,
0x00000000,
0x00000000,
0xFF8F8F8F,
0xFF3F3F3F,
0xFF3F3F3F,
0xFF2F2F2F,
0xFF2F2F2F,
0xFF3F3F3F,
0xFF2F2F2F,
0xFF2F2F2F,
0xFF2F2F2F,
0xFF3F3F3F,
0xFF2F2F2F,
0xFF2F2F2F,
0xFF3F3F3F,
0xFF2F2F2F,
0xFF2F2F2F,
0xFF3F3F3F,
0xFF2F2F2F,
0xFF3F3F3F,
0xFF2F2F2F,
0xFF2F2F2F,
0xFF3F3F3F,
0xFF2F2F2F,
0xFF2F2F2F,
0xFF2F2F2F,
0xFF3F3F3F,
0xFF3F3F3F,
0xFF2F2F2F,
0xFF2F2F2F,
0x00000000,
0x00000000,
0x00000000,
0x00000000,
0x00000000,
0x00000000,
0x00000000,
0x00000000,
0x00000000,
0x00000000,
0x00000000,
0x00000000,
0x00000000,
0x00000000,
0x00000000,
0x00000000,
0x00000000,
0x00000000,
0x00000000,
0x00000000,
0x00000000,
0x00000000,
0x00000000,
0x00000000,
0x00000000,
0x00000000,
0x00000000,
0x00000000,
0x00000000,
0x00000000,
0x00000000,
0x00000000,
0x00000000,
0x00000000,
0x00000000,
0x00000000,
0x00000000,
0x00000000,
0x00000000,
0x00000000,
0x00000000,
0x00000000,
0x00000000,
0x00000000,
0x00000000,
0x00000000,
0x00000000,
0x00000000,
0x00000000,
0x00000000,
0x00000000,
0x00000000,
0x00000000,
0x00000000,
0x00000000,
0x00000000,
0x00000000,
0x00000000,
0x00000000,
0x00000000,
0x00000000,
0x00000000,
0x00000000,
0x00000000,
0x00000000,
0x00000000
};
static const uint32_t sprite_7[1024] = {
    0x00000000,
0x00000000,
0x00000000,
0x00000000,
0x00000000,
0x00000000,
0x00000000,
0x00000000,
0x00000000,
0x00000000,
0x00000000,
0x00000000,
0x00000000,
0x00000000,
0x00000000,
0x00000000,
0x00000000,
0x00000000,
0x00000000,
0x00000000,
0x00000000,
0x00000000,
0x00000000,
0x00000000,
0x00000000,
0x00000000,
0x00000000,
0x00000000,
0x00000000,
0x00000000,
0x00000000,
0x00000000,
0x00000000,
0x00000000,
0x00000000,
0x00000000,
0x00000000,
0x00000000,
0x00000000,
0x00000000,
0x00000000,
0x00000000,
0x00000000,
0x00000000,
0x00000000,
0x00000000,
0x00000000,
0x00000000,
0x00000000,
0x00000000,
0x00000000,
0x00000000,
0x00000000,
0x00000000,
0x00000000,
0x00000000,
0x00000000,
0x00000000,
0x00000000,
0x00000000,
0x00000000,
0x00000000,
0x00000000,
0x00000000,
0x00000000,
0x00000000,
0xFFC4C4C4,
0xFFC4C4C4,
0xFFC4C4C4,
0xFFC4C4C4,
0xFFC4C4C4,
0xFFC4C4C4,
0xFFC4C4C4,
0xFFC4C4C4,
0xFFC4C4C4,
0xFFC4C4C4,
0xFFC4C4C4,
0xFFC4C4C4,
0xFFC4C4C4,
0xFFC4C4C4,
0xFFC4C4C4,
0xFFC4C4C4,
0xFFC4C4C4,
0xFFC4C4C4,
0xFFC4C4C4,
0xFFC4C4C4,
0xFFC4C4C4,
0xFFC4C4C4,
0xFFC4C4C4,
0xFFC4C4C4,
0xFFC4C4C4,
0xFFC4C4C4,
0xFFC4C4C4,
0xFF909090,
0x00000000,
0x00000000,
0x00000000,
0x00000000,
0xFFC4C4C4,
0xFF000000,
0xFF000000,
0xFF000000,
0xFF000000,
0xFF000000,
0xFF000000,
0xFF000000,
0xFF000000,
0xFF000000,
0xFF000000,
0xFF000000,
0xFF000000,
0xFF000000,
0xFF000000,
0xFF000000,
0xFF000000,
0xFF000000,
0xFF000000,
0xFF000000,
0xFF000000,
0xFF000000,
0xFF000000,
0xFF000000,
0xFF000000,
0xFF000000,
0xFF000000,
0xFF303030,
0x00000000,
0x00000000,
0x00000000,
0x00000000,
0xFFC4C4C4,
0xFF000000,
0xFF000000,
0xFF000000,
0xFF000000,
0xFF000000,
0xFF000000,
0xFF000000,
0xFF000000,
0xFF000000,
0xFF000000,
0xFF5F2B19,
0xFF000000,
0xFF000000,
0xFF000000,
0xFF000000,
0xFF000000,
0xFF000000,
0xFF000000,
0xFF000000,
0xFF000000,
0xFF000000,
0xFF000000,
0xFF000000,
0xFF000000,
0xFF000000,
0xFF000000,
0xFF303030,
0x00000000,
0x00000000,
0x00000000,
0x00000000,
0xFFC4C4C4,
0xFF000000,
0xFF000000,
0xFF000000,
0xFF000000,
0xFF000000,
0xFF000000,
0xFFA34435,
0xFF000000,
0xFF000000,
0xFF000000,
0xFFA34435,
0xFF000000,
0xFF000000,
0xFF000000,
0xFF000000,
0xFF000000,
0xFF000000,
0xFF000000,
0xFF000000,
0xFF000000,
0xFF000000,
0xFF000000,
0xFF000000,
0xFF000000,
0xFF000000,
0xFF000000,
0xFF404040,
0x00000000,
0x00000000,
0x00000000,
0x00000000,
0xFFC4C4C4,
0xFF000000,
0xFF000000,
0xFF000000,
0xFF000000,
0xFF000000,
0xFF000000,
0xFF000000,
0xFF000000,
0xFF5F2B19,
0xFFA34435,
0xFFCBA054,
0xFFA34435,
0xFF5F2B19,
0xFF000000,
0xFF000000,
0xFF000000,
0xFF000000,
0xFF000000,
0xFF000000,
0xFF000000,
0xFF000000,
0xFF000000,
0xFF000000,
0xFF000000,
0xFF000000,
0xFF000000,
0xFF404040,
0x00000000,
0x00000000,
0x00000000,
0x00000000,
0xFFC4C4C4,
0xFF000000,
0xFF000000,
0xFF000000,
0xFF000000,
0xFF5F2B19,
0xFFA34435,
0xFF000000,
0xFF5F2B19,
0xFF000000,
0xFF000000,
0xFFA34435,
0xFF000000,
0xFF000000,
0xFF000000,
0xFF000000,
0xFF000000,
0xFF5F2B19,
0xFF000000,
0xFF000000,
0xFF000000,
0xFF5F2B19,
0xFF5F2B19,
0xFF000000,
0xFF000000,
0xFF000000,
0xFF000000,
0xFF303030,
0x00000000,
0x00000000,
0x00000000,
0x00000000,
0xFFC4C4C4,
0xFF000000,
0xFF000000,
0xFF000000,
0xFF000000,
0xFFA34435,
0xFFFFE4B2,
0xFFCD6946,
0xFFA34435,
0xFFA34435,
0xFFA34435,
0xFFA34435,
0xFFA34435,
0xFF5F2B19,
0xFFA34435,
0xFF5F2B19,
0xFF5F2B19,
0xFFA34435,
0xFF5F2B19,
0xFF5F2B19,
0xFFA34435,
0xFFCBA054,
0xFF5F2B19,
0xFF000000,
0xFF000000,
0xFF000000,
0xFF000000,
0xFF303030,
0x00000000,
0x00000000,
0x00000000,
0x00000000,
0xFFC4C4C4,
0xFF000000,
0xFF000000,
0xFF000000,
0xFF5F2B19,
0xFFA34435,
0xFFFFFFFF,
0xFFFFFFFF,
0xFFFFE4B2,
0xFFFFE4B2,
0xFFFFFFFF,
0xFFFFFFFF,
0xFFFFFFFF,
0xFFFFFFFF,
0xFFCBA054,
0xFFCBA054,
0xFFCBA054,
0xFFCBA054,
0xFFCBA054,
0xFFCBA054,
0xFFCBA054,
0xFFCBA054,
0xFF5F2B19,
0xFF5F2B19,
0xFF000000,
0xFF000000,
0xFF000000,
0xFF303030,
0x00000000,
0x00000000,
0x00000000,
0x00000000,
0xFFC4C4C4,
0xFF000000,
0xFF000000,
0xFF5F2B19,
0xFF000000,
0xFFA34435,
0xFFFFFFFF,
0xFFCBA054,
0xFFCBA054,
0xFFF2D284,
0xFFCBA054,
0xFFFFFFFF,
0xFFF2D284,
0xFFFFFFFF,
0xFFCD6946,
0xFFA34435,
0xFFA34435,
0xFFA34435,
0xFFCD6946,
0xFFA34435,
0xFFCD6946,
0xFFCBA054,
0xFF5F2B19,
0xFF000000,
0xFF000000,
0xFF000000,
0xFF000000,
0xFF404040,
0x00000000,
0x00000000,
0x00000000,
0x00000000,
0xFFC4C4C4,
0xFF000000,
0xFF5F2B19,
0xFFA34435,
0xFF5F2B19,
0xFFA34435,
0xFFF2D284,
0xFFFFE4B2,
0xFFCBA054,
0xFFCBA054,
0xFFF2D284,
0xFFCBA054,
0xFFFFE4B2,
0xFFFFFFFF,
0xFFA34435,
0xFFA34435,
0xFFA34435,
0xFFCD6946,
0xFFA34435,
0xFFCD6946,
0xFFCBA054,
0xFFCBA054,
0xFF5F2B19,
0xFF5F2B19,
0xFF000000,
0xFF000000,
0xFF000000,
0xFF303030,
0x00000000,
0x00000000,
0x00000000,
0x00000000,
0xFFC4C4C4,
0xFF000000,
0xFF000000,
0xFF5F2B19,
0xFF000000,
0xFFA34435,
0xFFFFE4B2,
0xFFCBA054,
0xFFCBA054,
0xFFF2D284,
0xFFCBA054,
0xFFF2D284,
0xFFF2D284,
0xFFFFE4B2,
0xFFCD6946,
0xFFA34435,
0xFFCD6946,
0xFFA34435,
0xFFCD6946,
0xFFCD6946,
0xFFCD6946,
0xFFCBA054,
0xFF5F2B19,
0xFF000000,
0xFF000000,
0xFF000000,
0xFF000000,
0xFF303030,
0x00000000,
0x00000000,
0x00000000,
0x00000000,
0xFFC4C4C4,
0xFF000000,
0xFF000000,
0xFF000000,
0xFF000000,
0xFFA34435,
0xFFCBA054,
0xFFCBA054,
0xFFF2D284,
0xFFCBA054,
0xFFCBA054,
0xFFCBA054,
0xFFFFE4B2,
0xFFCBA054,
0xFF5F2B19,
0xFFA34435,
0xFFA34435,
0xFFA34435,
0xFFA34435,
0xFFCBA054,
0xFFCD6946,
0xFFCBA054,
0xFF5F2B19,
0xFF000000,
0xFFA34435,
0xFF000000,
0xFF000000,
0xFF404040,
0x00000000,
0x00000000,
0x00000000,
0x00000000,
0xFFC4C4C4,
0xFF000000,
0xFF000000,
0xFF000000,
0xFF5F2B19,
0xFFA34435,
0xFFFFE4B2,
0xFFCBA054,
0xFFCBA054,
0xFFF2D284,
0xFFCBA054,
0xFFCBA054,
0xFFCD6946,
0xFFCBA054,
0xFF5F2B19,
0xFF5F2B19,
0xFFA34435,
0xFFA34435,
0xFFA34435,
0xFFA34435,
0xFFCBA054,
0xFFCD6946,
0xFF5F2B19,
0xFF000000,
0xFF000000,
0xFF000000,
0xFF000000,
0xFF303030,
0x00000000,
0x00000000,
0x00000000,
0x00000000,
0xFFC4C4C4,
0xFF000000,
0xFF000000,
0xFF000000,
0xFFA34435,
0xFF5F2B19,
0xFFCBA054,
0xFFCBA054,
0xFFCBA054,
0xFFCBA054,
0xFFCBA054,
0xFFA34435,
0xFFCD6946,
0xFFCD6946,
0xFF5F2B19,
0xFF5F2B19,
0xFF5F2B19,
0xFFCD6946,
0xFFA34435,
0xFFCBA054,
0xFFCD6946,
0xFFCBA054,
0xFF5F2B19,
0xFF5F2B19,
0xFF000000,
0xFF000000,
0xFF000000,
0xFF404040,
0x00000000,
0x00000000,
0x00000000,
0x00000000,
0xFFC4C4C4,
0xFF000000,
0xFF5F2B19,
0xFFA34435,
0xFFCBA054,
0xFFA34435,
0xFFCD6946,
0xFFCBA054,
0xFFCBA054,
0xFFCBA054,
0xFFA34435,
0xFFCD6946,
0xFFA34435,
0xFFCBA054,
0xFF5F2B19,
0xFF5F2B19,
0xFF5F2B19,
0xFF5F2B19,
0xFFCD6946,
0xFFCD6946,
0xFFCBA054,
0xFFA34435,
0xFF000000,
0xFFA34435,
0xFF000000,
0xFF000000,
0xFF000000,
0xFF303030,
0x00000000,
0x00000000,
0x00000000,
0x00000000,
0xFFC4C4C4,
0xFF000000,
0xFF000000,
0xFF000000,
0xFFA34435,
0xFF000000,
0xFFA34435,
0xFFCBA054,
0xFFF2D284,
0xFFA34435,
0xFFA34435,
0xFFA34435,
0xFFA34435,
0xFFF2D284,
0xFFA34435,
0xFF5F2B19,
0xFFA34435,
0xFF5F2B19,
0xFF5F2B19,
0xFFCD6946,
0xFFCBA054,
0xFF5F2B19,
0xFFA34435,
0xFFCBA054,
0xFFA34435,
0xFF5F2B19,
0xFF000000,
0xFF303030,
0x00000000,
0x00000000,
0x00000000,
0x00000000,
0xFFC4C4C4,
0xFF000000,
0xFF000000,
0xFF000000,
0xFF5F2B19,
0xFF000000,
0xFF5F2B19,
0xFFF2D284,
0xFFA34435,
0xFFA34435,
0xFFA34435,
0xFFA34435,
0xFFF2D284,
0xFFFFE4B2,
0xFFA34435,
0xFFA34435,
0xFF5F2B19,
0xFF5F2B19,
0xFFA34435,
0xFFA34435,
0xFFCD6946,
0xFF5F2B19,
0xFF000000,
0xFFA34435,
0xFF000000,
0xFF000000,
0xFF000000,
0xFF404040,
0x00000000,
0x00000000,
0x00000000,
0x00000000,
0xFFC4C4C4,
0xFF000000,
0xFF000000,
0xFFA34435,
0xFF000000,
0xFF000000,
0xFF000000,
0xFFCD6946,
0xFFCD6946,
0xFFA34435,
0xFFA34435,
0xFFF2D284,
0xFFCBA054,
0xFFFFE4B2,
0xFFA34435,
0xFFA34435,
0xFFCD6946,
0xFFA34435,
0xFFA34435,
0xFFCD6946,
0xFFA34435,
0xFF000000,
0xFF000000,
0xFF5F2B19,
0xFF000000,
0xFF000000,
0xFF000000,
0xFF303030,
0x00000000,
0x00000000,
0x00000000,
0x00000000,
0xFFC4C4C4,
0xFF000000,
0xFF000000,
0xFF000000,
0xFF000000,
0xFF000000,
0xFF000000,
0xFF5F2B19,
0xFFCD6946,
0xFFCD6946,
0xFFCBA054,
0xFFCBA054,
0xFFCBA054,
0xFFF2D284,
0xFFA34435,
0xFFA34435,
0xFFA34435,
0xFFCBA054,
0xFFCD6946,
0xFFCD6946,
0xFF5F2B19,
0xFF5F2B19,
0xFF000000,
0xFF000000,
0xFF000000,
0xFF000000,
0xFF000000,
0xFF303030,
0x00000000,
0x00000000,
0x00000000,
0x00000000,
0xFFC4C4C4,
0xFF000000,
0xFF000000,
0xFF000000,
0xFF000000,
0xFF000000,
0xFF000000,
0xFF000000,
0xFF5F2B19,
0xFFCBA054,
0xFFCBA054,
0xFFCBA054,
0xFFCBA054,
0xFFF2D284,
0xFFA34435,
0xFFA34435,
0xFFA34435,
0xFFCD6946,
0xFFCBA054,
0xFF000000,
0xFFA34435,
0xFF000000,
0xFF000000,
0xFF000000,
0xFF000000,
0xFF000000,
0xFF000000,
0xFF404040,
0x00000000,
0x00000000,
0x00000000,
0x00000000,
0xFFC4C4C4,
0xFF000000,
0xFF000000,
0xFF000000,
0xFF000000,
0xFF000000,
0xFF5F2B19,
0xFF000000,
0xFF000000,
0xFF5F2B19,
0xFFF2D284,
0xFFCBA054,
0xFFF2D284,
0xFFCBA054,
0xFFA34435,
0xFFA34435,
0xFFA34435,
0xFFCD6946,
0xFF5F2B19,
0xFFA34435,
0xFFCBA054,
0xFFA34435,
0xFF5F2B19,
0xFF000000,
0xFF000000,
0xFF000000,
0xFF000000,
0xFF303030,
0x00000000,
0x00000000,
0x00000000,
0x00000000,
0xFFC4C4C4,
0xFF000000,
0xFF000000,
0xFF000000,
0xFF000000,
0xFF000000,
0xFF000000,
0xFF000000,
0xFF000000,
0xFF5F2B19,
0xFF5F2B19,
0xFFF2D284,
0xFFCBA054,
0xFFF2D284,
0xFFA34435,
0xFFA34435,
0xFFCBA054,
0xFF5F2B19,
0xFF000000,
0xFF000000,
0xFFA34435,
0xFF000000,
0xFF000000,
0xFF000000,
0xFF000000,
0xFF000000,
0xFF000000,
0xFF303030,
0x00000000,
0x00000000,
0x00000000,
0x00000000,
0xFFC4C4C4,
0xFF000000,
0xFF000000,
0xFF000000,
0xFF000000,
0xFF000000,
0xFF000000,
0xFF000000,
0xFF000000,
0xFF000000,
0xFF000000,
0xFF5F2B19,
0xFFCBA054,
0xFFCBA054,
0xFFA34435,
0xFFCD6946,
0xFF5F2B19,
0xFF000000,
0xFF000000,
0xFF000000,
0xFF5F2B19,
0xFF000000,
0xFF000000,
0xFF000000,
0xFF000000,
0xFF000000,
0xFF000000,
0xFF303030,
0x00000000,
0x00000000,
0x00000000,
0x00000000,
0xFFC4C4C4,
0xFF000000,
0xFF000000,
0xFF000000,
0xFF000000,
0xFF000000,
0xFF000000,
0xFF000000,
0xFF000000,
0xFF000000,
0xFF000000,
0xFF000000,
0xFF5F2B19,
0xFFCBA054,
0xFFCD6946,
0xFF5F2B19,
0xFF5F2B19,
0xFF000000,
0xFF000000,
0xFF000000,
0xFF000000,
0xFF000000,
0xFF000000,
0xFFA34435,
0xFF000000,
0xFF000000,
0xFF000000,
0xFF404040,
0x00000000,
0x00000000,
0x00000000,
0x00000000,
0xFFC4C4C4,
0xFF000000,
0xFF000000,
0xFF000000,
0xFF000000,
0xFF000000,
0xFF000000,
0xFF000000,
0xFF000000,
0xFF000000,
0xFF000000,
0xFF000000,
0xFF000000,
0xFF5F2B19,
0xFF5F2B19,
0xFF000000,
0xFF000000,
0xFF000000,
0xFF000000,
0xFF000000,
0xFF000000,
0xFF000000,
0xFF000000,
0xFF000000,
0xFF000000,
0xFF000000,
0xFF000000,
0xFF303030,
0x00000000,
0x00000000,
0x00000000,
0x00000000,
0xFFC4C4C4,
0xFF000000,
0xFF000000,
0xFF000000,
0xFF000000,
0xFF000000,
0xFF000000,
0xFF000000,
0xFF000000,
0xFF000000,
0xFF000000,
0xFF000000,
0xFF000000,
0xFF5F2B19,
0xFF000000,
0xFF000000,
0xFF000000,
0xFF5F2B19,
0xFF000000,
0xFF000000,
0xFF000000,
0xFF000000,
0xFF000000,
0xFF000000,
0xFF000000,
0xFF000000,
0xFF000000,
0xFF303030,
0x00000000,
0x00000000,
0x00000000,
0x00000000,
0xFFC4C4C4,
0xFF000000,
0xFF000000,
0xFF000000,
0xFF000000,
0xFF000000,
0xFF000000,
0xFF000000,
0xFF000000,
0xFF000000,
0xFF000000,
0xFF000000,
0xFF000000,
0xFF000000,
0xFF000000,
0xFF000000,
0xFF000000,
0xFF000000,
0xFF000000,
0xFF000000,
0xFF000000,
0xFF000000,
0xFF000000,
0xFF000000,
0xFF000000,
0xFF000000,
0xFF000000,
0xFF404040,
0x00000000,
0x00000000,
0x00000000,
0x00000000,
0xFF909090,
0xFF404040,
0xFF404040,
0xFF303030,
0xFF303030,
0xFF404040,
0xFF303030,
0xFF303030,
0xFF303030,
0xFF404040,
0xFF303030,
0xFF303030,
0xFF404040,
0xFF303030,
0xFF303030,
0xFF404040,
0xFF303030,
0xFF404040,
0xFF303030,
0xFF303030,
0xFF404040,
0xFF303030,
0xFF303030,
0xFF303030,
0xFF404040,
0xFF404040,
0xFF303030,
0xFF303030,
0x00000000,
0x00000000,
0x00000000,
0x00000000,
0x00000000,
0x00000000,
0x00000000,
0x00000000,
0x00000000,
0x00000000,
0x00000000,
0x00000000,
0x00000000,
0x00000000,
0x00000000,
0x00000000,
0x00000000,
0x00000000,
0x00000000,
0x00000000,
0x00000000,
0x00000000,
0x00000000,
0x00000000,
0x00000000,
0x00000000,
0x00000000,
0x00000000,
0x00000000,
0x00000000,
0x00000000,
0x00000000,
0x00000000,
0x00000000,
0x00000000,
0x00000000,
0x00000000,
0x00000000,
0x00000000,
0x00000000,
0x00000000,
0x00000000,
0x00000000,
0x00000000,
0x00000000,
0x00000000,
0x00000000,
0x00000000,
0x00000000,
0x00000000,
0x00000000,
0x00000000,
0x00000000,
0x00000000,
0x00000000,
0x00000000,
0x00000000,
0x00000000,
0x00000000,
0x00000000,
0x00000000,
0x00000000,
0x00000000,
0x00000000,
0x00000000,
0x00000000
};
static const uint32_t sprite_8[1024] = {
    0x00000000,
0x00000000,
0x00000000,
0x00000000,
0x00000000,
0x00000000,
0x00000000,
0x00000000,
0x00000000,
0x00000000,
0x00000000,
0x00000000,
0x00000000,
0x00000000,
0x00000000,
0x00000000,
0x00000000,
0x00000000,
0x00000000,
0x00000000,
0x00000000,
0x00000000,
0x00000000,
0x00000000,
0x00000000,
0x00000000,
0x00000000,
0x00000000,
0x00000000,
0x00000000,
0x00000000,
0x00000000,
0x00000000,
0x00000000,
0x00000000,
0x00000000,
0x00000000,
0x00000000,
0x00000000,
0x00000000,
0x00000000,
0x00000000,
0x00000000,
0x00000000,
0x00000000,
0x00000000,
0x00000000,
0x00000000,
0x00000000,
0x00000000,
0x00000000,
0x00000000,
0x00000000,
0x00000000,
0x00000000,
0x00000000,
0x00000000,
0x00000000,
0x00000000,
0x00000000,
0x00000000,
0x00000000,
0x00000000,
0x00000000,
0x00000000,
0x00000000,
0x00000000,
0x00000000,
0x00000000,
0x00000000,
0x00000000,
0x00000000,
0x00000000,
0x00000000,
0x00000000,
0x00000000,
0x00000000,
0x00000000,
0x00000000,
0x00000000,
0x00000000,
0x00000000,
0x00000000,
0x00000000,
0x00000000,
0x00000000,
0x00000000,
0x00000000,
0x00000000,
0x00000000,
0x00000000,
0x00000000,
0x00000000,
0x00000000,
0x00000000,
0x00000000,
0x00000000,
0x00000000,
0x00000000,
0x00000000,
0x00000000,
0x00000000,
0x00000000,
0x00000000,
0x00000000,
0x00000000,
0x00000000,
0x00000000,
0x00000000,
0x00000000,
0x00000000,
0x00000000,
0x00000000,
0x00000000,
0x00000000,
0x00000000,
0x00000000,
0x00000000,
0x00000000,
0x00000000,
0x00000000,
0x00000000,
0x00000000,
0x00000000,
0x00000000,
0x00000000,
0x00000000,
0x00000000,
0x00000000,
0x00000000,
0x00000000,
0x00000000,
0x00000000,
0x00000000,
0x00000000,
0x00000000,
0x00000000,
0x00000000,
0x00000000,
0x00000000,
0x00000000,
0x00000000,
0x00000000,
0x00000000,
0x00000000,
0x00000000,
0x00000000,
0x00000000,
0x00000000,
0x00000000,
0x00000000,
0x00000000,
0x00000000,
0x00000000,
0x00000000,
0x00000000,
0x00000000,
0x00000000,
0x00000000,
0x00000000,
0x00000000,
0x00000000,
0x00000000,
0x00000000,
0x00000000,
0x00000000,
0x00000000,
0x00000000,
0x00000000,
0x00000000,
0x00000000,
0x00000000,
0x00000000,
0x00000000,
0x00000000,
0x00000000,
0x00000000,
0x00000000,
0x00000000,
0x00000000,
0x00000000,
0x00000000,
0x00000000,
0x00000000,
0x00000000,
0x00000000,
0x00000000,
0x00000000,
0x00000000,
0x00000000,
0x00000000,
0x00000000,
0x00000000,
0x00000000,
0x00000000,
0x00000000,
0x00000000,
0x00000000,
0x00000000,
0x00000000,
0x00000000,
0x00000000,
0x00000000,
0x00000000,
0x00000000,
0x00000000,
0x00000000,
0xFF000000,
0xFF000000,
0xFF000000,
0x00000000,
0x00000000,
0x00000000,
0x00000000,
0x00000000,
0x00000000,
0x00000000,
0x00000000,
0x00000000,
0x00000000,
0x00000000,
0x00000000,
0x00000000,
0x00000000,
0x00000000,
0x00000000,
0x00000000,
0x00000000,
0x00000000,
0x00000000,
0x00000000,
0x00000000,
0x00000000,
0x00000000,
0x00000000,
0x00000000,
0x00000000,
0x00000000,
0xFF000000,
0xFF0B1788,
0xFF0B1788,
0xFF090958,
0xFF000000,
0x00000000,
0x00000000,
0x00000000,
0x00000000,
0x00000000,
0x00000000,
0x00000000,
0x00000000,
0x00000000,
0x00000000,
0x00000000,
0x00000000,
0x00000000,
0x00000000,
0x00000000,
0x00000000,
0x00000000,
0x00000000,
0x00000000,
0x00000000,
0x00000000,
0x00000000,
0xFF000000,
0xFF000000,
0xFF000000,
0xFF000000,
0xFF000000,
0xFF0B1788,
0xFF0B1788,
0xFF0B1788,
0xFF090958,
0xFF090958,
0xFF000000,
0x00000000,
0x00000000,
0x00000000,
0x00000000,
0x00000000,
0x00000000,
0x00000000,
0x00000000,
0x00000000,
0x00000000,
0x00000000,
0x00000000,
0x00000000,
0x00000000,
0x00000000,
0x00000000,
0x00000000,
0x00000000,
0x00000000,
0x00000000,
0xFF000000,
0xFF0B1788,
0xFF0B1788,
0xFF060624,
0xFF060624,
0xFF0B1788,
0xFF0B1788,
0xFF983496,
0xFFD16AEA,
0xFF090958,
0xFF090958,
0xFF090958,
0xFF000000,
0xFF000000,
0xFF000000,
0x00000000,
0x00000000,
0x00000000,
0x00000000,
0x00000000,
0x00000000,
0x00000000,
0x00000000,
0x00000000,
0x00000000,
0x00000000,
0x00000000,
0x00000000,
0x00000000,
0x00000000,
0x00000000,
0x00000000,
0xFF000000,
0xFF0B1788,
0xFF090958,
0xFF090958,
0xFF060624,
0xFF090958,
0xFFD16AEA,
0xFFD16AEA,
0xFFD16AEA,
0xFF090958,
0xFF060624,
0xFF090958,
0xFF0B1788,
0xFF0B1788,
0xFF0B1788,
0xFF000000,
0x00000000,
0x00000000,
0x00000000,
0x00000000,
0x00000000,
0x00000000,
0x00000000,
0x00000000,
0x00000000,
0x00000000,
0x00000000,
0x00000000,
0x00000000,
0x00000000,
0x00000000,
0xFF000000,
0xFF090958,
0xFF0B1788,
0xFF090958,
0xFF090958,
0xFF060624,
0xFF0B1788,
0xFF0B1788,
0xFFB44CBA,
0xFFD16AEA,
0xFF060624,
0xFF060624,
0xFF0B1788,
0xFF0B1788,
0xFF0B1788,
0xFF0B1788,
0xFF0B1788,
0xFF000000,
0x00000000,
0x00000000,
0x00000000,
0x00000000,
0x00000000,
0x00000000,
0x00000000,
0x00000000,
0x00000000,
0x00000000,
0x00000000,
0x00000000,
0x00000000,
0x00000000,
0xFF000000,
0xFF0B1788,
0xFF0B1788,
0xFF0B1788,
0xFF090958,
0xFF090958,
0xFF0B1788,
0xFF0B1788,
0xFFB44CBA,
0xFFD16AEA,
0xFF983496,
0xFF060624,
0xFF060624,
0xFF090958,
0xFF0B1788,
0xFF0B1788,
0xFF0B1788,
0xFF000000,
0x00000000,
0x00000000,
0x00000000,
0x00000000,
0x00000000,
0x00000000,
0x00000000,
0x00000000,
0x00000000,
0x00000000,
0x00000000,
0x00000000,
0x00000000,
0x00000000,
0xFF000000,
0xFF090958,
0xFF0B1788,
0xFF090958,
0xFF090958,
0xFF0B1788,
0xFF0B1788,
0xFF0B1788,
0xFF983496,
0xFFB44CBA,
0xFF983496,
0xFF090958,
0xFF090958,
0xFF090958,
0xFF090958,
0xFF090958,
0xFF0B1788,
0xFF000000,
0xFF000000,
0xFF000000,
0x00000000,
0x00000000,
0x00000000,
0x00000000,
0x00000000,
0x00000000,
0x00000000,
0x00000000,
0x00000000,
0x00000000,
0x00000000,
0x00000000,
0xFF000000,
0xFF090958,
0xFF0B1788,
0xFF0B1788,
0xFF0B1788,
0xFFD16AEA,
0xFFD16AEA,
0xFFD16AEA,
0xFF983496,
0xFFB44CBA,
0xFFD16AEA,
0xFF0B1788,
0xFF0B1788,
0xFF090958,
0xFF0B1788,
0xFF090958,
0xFF090958,
0xFF090958,
0xFF000000,
0xFF000000,
0xFF000000,
0xFF000000,
0x00000000,
0x00000000,
0x00000000,
0x00000000,
0x00000000,
0x00000000,
0x00000000,
0x00000000,
0x00000000,
0xFF000000,
0xFF090958,
0xFF090958,
0xFF0B1788,
0xFF090958,
0xFF0B1788,
0xFF090958,
0xFF983496,
0xFFB44CBA,
0xFFB44CBA,
0xFFD16AEA,
0xFFD16AEA,
0xFF0B1788,
0xFF0B1788,
0xFF0B1788,
0xFF0B1788,
0xFF090958,
0xFF090958,
0xFF090958,
0xFF090958,
0xFF000000,
0xFF000000,
0xFF000000,
0x00000000,
0x00000000,
0x00000000,
0x00000000,
0x00000000,
0x00000000,
0x00000000,
0x00000000,
0x00000000,
0xFF000000,
0xFF060624,
0xFF090958,
0xFF090958,
0xFF0B1788,
0xFF0B1788,
0xFF0B1788,
0xFF090958,
0xFF090958,
0xFF090958,
0xFF983496,
0xFFB44CBA,
0xFFB44CBA,
0xFFB44CBA,
0xFFD16AEA,
0xFF983496,
0xFF0B1788,
0xFF090958,
0xFF090958,
0xFF090958,
0xFF000000,
0xFF000000,
0xFF000000,
0xFF000000,
0x00000000,
0x00000000,
0x00000000,
0x00000000,
0x00000000,
0x00000000,
0x00000000,
0x00000000,
0xFF000000,
0xFF060624,
0xFF090958,
0xFF090958,
0xFF090958,
0xFF090958,
0xFF090958,
0xFF090958,
0xFF060624,
0xFF090958,
0xFF090958,
0xFFB44CBA,
0xFF0B1788,
0xFF983496,
0xFFB44CBA,
0xFFB44CBA,
0xFF080932,
0xFF080932,
0xFF080932,
0xFF090958,
0xFF000000,
0xFF000000,
0xFF000000,
0xFF000000,
0x00000000,
0x00000000,
0x00000000,
0x00000000,
0x00000000,
0x00000000,
0x00000000,
0x00000000,
0xFF000000,
0xFF060624,
0xFF060624,
0xFF090958,
0xFF060624,
0xFF090958,
0xFF090958,
0xFF060624,
0xFF060624,
0xFF060624,
0xFF060624,
0xFF983496,
0xFF983496,
0xFF0B1788,
0xFF090958,
0xFF090958,
0xFF090958,
0xFF080932,
0xFF080932,
0xFF090958,
0xFF000000,
0xFF000000,
0xFF000000,
0x00000000,
0x00000000,
0x00000000,
0x00000000,
0x00000000,
0x00000000,
0x00000000,
0x00000000,
0xFF000000,
0xFF090958,
0xFF090958,
0xFF060624,
0xFF060624,
0xFF060624,
0xFF060624,
0xFF090958,
0xFF090958,
0xFF060624,
0xFF090958,
0xFF090958,
0xFF983496,
0xFFB44CBA,
0xFF0B1788,
0xFF0B1788,
0xFF080932,
0xFF090958,
0xFF080932,
0xFF090958,
0xFF000000,
0xFF000000,
0xFF000000,
0x00000000,
0x00000000,
0x00000000,
0x00000000,
0x00000000,
0x00000000,
0x00000000,
0x00000000,
0x00000000,
0xFF000000,
0xFF090958,
0xFF060624,
0xFF060624,
0xFF060624,
0xFF060624,
0xFF060624,
0xFF090958,
0xFF090958,
0xFF060624,
0xFF060624,
0xFF090958,
0xFF060624,
0xFFB44CBA,
0xFF090958,
0xFF090958,
0xFF080932,
0xFF080932,
0xFF080932,
0xFF000000,
0xFF000000,
0x00000000,
0x00000000,
0x00000000,
0x00000000,
0x00000000,
0x00000000,
0x00000000,
0x00000000,
0x00000000,
0x00000000,
0x00000000,
0x00000000,
0xFF000000,
0xFF090958,
0xFF090958,
0xFF060624,
0xFF060624,
0xFF060624,
0xFF090958,
0xFF060624,
0xFF060624,
0xFF060624,
0xFF090958,
0xFF060624,
0xFF983496,
0xFF090958,
0xFF080932,
0xFF080932,
0xFF090958,
0xFF000000,
0xFF000000,
0x00000000,
0x00000000,
0x00000000,
0x00000000,
0x00000000,
0x00000000,
0x00000000,
0x00000000,
0x00000000,
0x00000000,
0x00000000,
0x00000000,
0x00000000,
0x00000000,
0xFF000000,
0xFF000000,
0xFF000000,
0xFF060624,
0xFF060624,
0xFF060624,
0xFF060624,
0xFF060624,
0xFF060624,
0xFF090958,
0xFF983496,
0xFFB44CBA,
0xFF090958,
0xFF080932,
0xFF090958,
0xFF000000,
0xFF000000,
0x00000000,
0x00000000,
0x00000000,
0x00000000,
0x00000000,
0x00000000,
0x00000000,
0x00000000,
0x00000000,
0x00000000,
0x00000000,
0x00000000,
0x00000000,
0x00000000,
0x00000000,
0x00000000,
0x00000000,
0x00000000,
0xFF000000,
0xFF000000,
0xFF090958,
0xFF060624,
0xFF060624,
0xFF060624,
0xFF060624,
0xFF060624,
0xFF983496,
0xFF090958,
0xFF090958,
0xFF000000,
0x00000000,
0x00000000,
0x00000000,
0x00000000,
0x00000000,
0x00000000,
0x00000000,
0x00000000,
0x00000000,
0x00000000,
0x00000000,
0x00000000,
0x00000000,
0x00000000,
0x00000000,
0x00000000,
0x00000000,
0x00000000,
0x00000000,
0x00000000,
0x00000000,
0x00000000,
0xFF000000,
0xFF000000,
0xFF090958,
0xFF060624,
0xFF060624,
0xFF060624,
0xFF090958,
0xFF090958,
0xFF000000,
0x00000000,
0x00000000,
0x00000000,
0x00000000,
0x00000000,
0x00000000,
0x00000000,
0x00000000,
0x00000000,
0x00000000,
0x00000000,
0x00000000,
0x00000000,
0x00000000,
0x00000000,
0x00000000,
0x00000000,
0x00000000,
0x00000000,
0x00000000,
0x00000000,
0x00000000,
0x00000000,
0x00000000,
0xFF000000,
0xFF090958,
0xFF090958,
0xFF090958,
0xFF060624,
0xFF090958,
0xFF000000,
0x00000000,
0x00000000,
0x00000000,
0x00000000,
0x00000000,
0x00000000,
0x00000000,
0x00000000,
0x00000000,
0x00000000,
0x00000000,
0x00000000,
0x00000000,
0x00000000,
0x00000000,
0x00000000,
0x00000000,
0x00000000,
0x00000000,
0x00000000,
0x00000000,
0x00000000,
0x00000000,
0x00000000,
0x00000000,
0x00000000,
0xFF000000,
0xFF000000,
0xFF000000,
0xFF000000,
0xFF000000,
0x00000000,
0x00000000,
0x00000000,
0x00000000,
0x00000000,
0x00000000,
0x00000000,
0x00000000,
0x00000000,
0x00000000,
0x00000000,
0x00000000,
0x00000000,
0x00000000,
0x00000000,
0x00000000,
0x00000000,
0x00000000,
0x00000000,
0x00000000,
0x00000000,
0x00000000,
0x00000000,
0x00000000,
0x00000000,
0x00000000,
0x00000000,
0x00000000,
0x00000000,
0x00000000,
0x00000000,
0x00000000,
0x00000000,
0x00000000,
0x00000000,
0x00000000,
0x00000000,
0x00000000,
0x00000000,
0x00000000,
0x00000000,
0x00000000,
0x00000000,
0x00000000,
0x00000000,
0x00000000,
0x00000000,
0x00000000,
0x00000000,
0x00000000,
0x00000000,
0x00000000,
0x00000000,
0x00000000,
0x00000000,
0x00000000,
0x00000000,
0x00000000,
0x00000000,
0x00000000,
0x00000000,
0x00000000,
0x00000000,
0x00000000,
0x00000000,
0x00000000,
0x00000000,
0x00000000,
0x00000000,
0x00000000,
0x00000000,
0x00000000,
0x00000000,
0x00000000,
0x00000000,
0x00000000,
0x00000000,
0x00000000,
0x00000000,
0x00000000,
0x00000000,
0x00000000,
0x00000000,
0x00000000,
0x00000000,
0x00000000,
0x00000000,
0x00000000,
0x00000000,
0x00000000,
0x00000000,
0x00000000,
0x00000000,
0x00000000,
0x00000000,
0x00000000,
0x00000000,
0x00000000,
0x00000000,
0x00000000,
0x00000000,
0x00000000,
0x00000000,
0x00000000,
0x00000000,
0x00000000,
0x00000000,
0x00000000,
0x00000000,
0x00000000,
0x00000000,
0x00000000,
0x00000000,
0x00000000,
0x00000000,
0x00000000,
0x00000000,
0x00000000,
0x00000000,
0x00000000,
0x00000000,
0x00000000,
0x00000000,
0x00000000,
0x00000000,
0x00000000,
0x00000000,
0x00000000,
0x00000000,
0x00000000,
0x00000000,
0x00000000,
0x00000000,
0x00000000,
0x00000000,
0x00000000,
0x00000000,
0x00000000,
0x00000000,
0x00000000,
0x00000000,
0x00000000,
0x00000000,
0x00000000,
0x00000000,
0x00000000,
0x00000000,
0x00000000,
0x00000000,
0x00000000,
0x00000000,
0x00000000,
0x00000000,
0x00000000,
0x00000000,
0x00000000,
0x00000000,
0x00000000,
0x00000000,
0x00000000,
0x00000000,
0x00000000,
0x00000000,
0x00000000,
0x00000000,
0x00000000,
0x00000000,
0x00000000,
0x00000000,
0x00000000,
0x00000000,
0x00000000,
0x00000000
};
static const uint32_t sprite_9[1024] = {
    0x00000000,
0x00000000,
0x00000000,
0x00000000,
0x00000000,
0x00000000,
0x00000000,
0x00000000,
0x00000000,
0x00000000,
0x00000000,
0x00000000,
0x00000000,
0x00000000,
0x00000000,
0x00000000,
0x00000000,
0x00000000,
0x00000000,
0x00000000,
0x00000000,
0x00000000,
0x00000000,
0x00000000,
0x00000000,
0x00000000,
0x00000000,
0x00000000,
0x00000000,
0x00000000,
0x00000000,
0x00000000,
0x00000000,
0x00000000,
0x00000000,
0x00000000,
0x00000000,
0x00000000,
0x00000000,
0x00000000,
0x00000000,
0x00000000,
0x00000000,
0x00000000,
0x00000000,
0x00000000,
0x00000000,
0x00000000,
0x00000000,
0x00000000,
0x00000000,
0x00000000,
0x00000000,
0x00000000,
0x00000000,
0x00000000,
0x00000000,
0x00000000,
0x00000000,
0x00000000,
0x00000000,
0x00000000,
0x00000000,
0x00000000,
0x00000000,
0x00000000,
0x00000000,
0x00000000,
0x00000000,
0x00000000,
0x00000000,
0x00000000,
0x00000000,
0x00000000,
0x00000000,
0x00000000,
0x00000000,
0x00000000,
0x00000000,
0x00000000,
0x00000000,
0x00000000,
0x00000000,
0x00000000,
0x00000000,
0x00000000,
0x00000000,
0x00000000,
0x00000000,
0x00000000,
0x00000000,
0x00000000,
0x00000000,
0x00000000,
0x00000000,
0x00000000,
0x00000000,
0x00000000,
0x00000000,
0x00000000,
0x00000000,
0x00000000,
0x00000000,
0x00000000,
0x00000000,
0x00000000,
0x00000000,
0x00000000,
0x00000000,
0x00000000,
0x00000000,
0x00000000,
0x00000000,
0x00000000,
0x00000000,
0x00000000,
0x00000000,
0x00000000,
0x00000000,
0x00000000,
0x00000000,
0x00000000,
0x00000000,
0x00000000,
0x00000000,
0x00000000,
0x00000000,
0x00000000,
0x00000000,
0x00000000,
0x00000000,
0x00000000,
0x00000000,
0x00000000,
0x00000000,
0x00000000,
0x00000000,
0x00000000,
0x00000000,
0x00000000,
0x00000000,
0x00000000,
0x00000000,
0x00000000,
0x00000000,
0x00000000,
0x00000000,
0x00000000,
0x00000000,
0x00000000,
0x00000000,
0x00000000,
0x00000000,
0x00000000,
0x00000000,
0x00000000,
0x00000000,
0x00000000,
0x00000000,
0x00000000,
0x00000000,
0x00000000,
0x00000000,
0x00000000,
0x00000000,
0x00000000,
0x00000000,
0x00000000,
0x00000000,
0x00000000,
0x00000000,
0x00000000,
0x00000000,
0x00000000,
0x00000000,
0xFF000000,
0xFF000000,
0xFF000000,
0x00000000,
0x00000000,
0x00000000,
0x00000000,
0x00000000,
0x00000000,
0x00000000,
0x00000000,
0x00000000,
0x00000000,
0x00000000,
0x00000000,
0x00000000,
0x00000000,
0x00000000,
0x00000000,
0x00000000,
0x00000000,
0x00000000,
0x00000000,
0x00000000,
0x00000000,
0x00000000,
0x00000000,
0x00000000,
0x00000000,
0x00000000,
0xFF000000,
0xFF000000,
0xFF006A02,
0xFF009C41,
0xFF006A02,
0xFF000000,
0x00000000,
0x00000000,
0x00000000,
0x00000000,
0x00000000,
0x00000000,
0x00000000,
0x00000000,
0x00000000,
0x00000000,
0x00000000,
0x00000000,
0x00000000,
0x00000000,
0x00000000,
0x00000000,
0x00000000,
0x00000000,
0x00000000,
0x00000000,
0x00000000,
0x00000000,
0x00000000,
0xFF000000,
0xFF000000,
0xFF000000,
0xFF009C41,
0xFF009C41,
0xFF006A02,
0xFF006A02,
0xFF006A02,
0xFF009C41,
0xFF000000,
0x00000000,
0x00000000,
0x00000000,
0x00000000,
0x00000000,
0x00000000,
0x00000000,
0x00000000,
0x00000000,
0x00000000,
0x00000000,
0x00000000,
0x00000000,
0x00000000,
0x00000000,
0x00000000,
0x00000000,
0x00000000,
0x00000000,
0xFF000000,
0xFF000000,
0xFF000000,
0xFF56504F,
0xFF006A02,
0xFF009C41,
0xFF006A02,
0xFF56504F,
0xFF56504F,
0xFF006A02,
0xFF006A02,
0xFF006A02,
0xFF009C41,
0xFF000000,
0x00000000,
0x00000000,
0x00000000,
0x00000000,
0x00000000,
0x00000000,
0x00000000,
0x00000000,
0x00000000,
0x00000000,
0x00000000,
0x00000000,
0x00000000,
0x00000000,
0x00000000,
0x00000000,
0x00000000,
0xFF000000,
0xFF006A02,
0xFF56504F,
0xFF56504F,
0xFF56504F,
0xFF56504F,
0xFF56504F,
0xFF56504F,
0xFF006A02,
0xFF56504F,
0xFF006A02,
0xFF006A02,
0xFF56504F,
0xFF56504F,
0xFF006A02,
0xFF000000,
0x00000000,
0x00000000,
0xFF000000,
0xFF000000,
0xFF000000,
0xFF000000,
0xFF000000,
0x00000000,
0x00000000,
0x00000000,
0x00000000,
0x00000000,
0x00000000,
0x00000000,
0x00000000,
0xFF000000,
0xFF56504F,
0xFF56504F,
0xFF56504F,
0xFF00BE2C,
0xFF00D48A,
0xFF009C41,
0xFF009C41,
0xFF56504F,
0xFF56504F,
0xFF006A02,
0xFF006A02,
0xFF006A02,
0xFF56504F,
0xFF56504F,
0xFF56504F,
0xFF006A02,
0xFF000000,
0xFF000000,
0xFF004E05,
0xFF004E05,
0xFF004E05,
0xFF009C41,
0xFF004E05,
0xFF000000,
0xFF000000,
0x00000000,
0x00000000,
0x00000000,
0x00000000,
0x00000000,
0xFF000000,
0xFF004E05,
0xFF004E05,
0xFF56504F,
0xFF56504F,
0xFF56504F,
0xFF00BE2C,
0xFF00BE2C,
0xFF00D48A,
0xFF00D48A,
0xFF00D48A,
0xFF00BE2C,
0xFF009C41,
0xFF56504F,
0xFF56504F,
0xFF56504F,
0xFF56504F,
0xFF006A02,
0xFF56504F,
0xFF56504F,
0xFF000000,
0xFF000000,
0xFF004E05,
0xFF004E05,
0xFF009C41,
0xFF004E05,
0xFF004E05,
0xFF000000,
0x00000000,
0x00000000,
0x00000000,
0x00000000,
0xFF000000,
0xFF27211F,
0xFF27211F,
0xFF56504F,
0xFF56504F,
0xFF56504F,
0xFF56504F,
0xFF00D48A,
0xFF56504F,
0xFF56504F,
0xFF007902,
0xFF009C41,
0xFF00BE2C,
0xFF00D48A,
0xFF00BE2C,
0xFF009C41,
0xFF56504F,
0xFF56504F,
0xFF006A02,
0xFF006A02,
0xFF56504F,
0xFF000000,
0xFF000000,
0xFF004E05,
0xFF004E05,
0xFF004E05,
0xFF000000,
0x00000000,
0x00000000,
0x00000000,
0x00000000,
0xFF000000,
0xFF27211F,
0xFF27211F,
0xFF004E05,
0xFF009C41,
0xFF56504F,
0xFF56504F,
0xFF006A02,
0xFF009C41,
0xFF00BE2C,
0xFF56504F,
0xFF007902,
0xFF007902,
0xFF007902,
0xFF007902,
0xFF00BE2C,
0xFF00BE2C,
0xFF00D48A,
0xFF00BE2C,
0xFF00BE2C,
0xFF009C41,
0xFF56504F,
0xFF56504F,
0xFF000000,
0xFF000000,
0xFF000000,
0xFF000000,
0x00000000,
0x00000000,
0x00000000,
0x00000000,
0x00000000,
0x00000000,
0xFF000000,
0xFF27211F,
0xFF27211F,
0xFF004E05,
0xFF009C41,
0xFF006A02,
0xFF56504F,
0xFF56504F,
0xFF00D48A,
0xFF00BE2C,
0xFF56504F,
0xFF56504F,
0xFF56504F,
0xFF56504F,
0xFF56504F,
0xFF56504F,
0xFF009C41,
0xFF00BE2C,
0xFF00D48A,
0xFF00BE2C,
0xFF00BE2C,
0xFF56504F,
0xFF56504F,
0xFF000000,
0xFF000000,
0x00000000,
0x00000000,
0x00000000,
0x00000000,
0x00000000,
0x00000000,
0x00000000,
0xFF000000,
0xFF000000,
0xFF004E05,
0xFF004E05,
0xFF004E05,
0xFF006A02,
0xFF006A02,
0xFF56504F,
0xFF56504F,
0xFF00BE2C,
0xFF00BE2C,
0xFF56504F,
0xFF56504F,
0xFF56504F,
0xFF56504F,
0xFF56504F,
0xFF006A02,
0xFF009C41,
0xFF006A02,
0xFF56504F,
0xFF56504F,
0xFF56504F,
0xFF27211F,
0xFF56504F,
0xFF000000,
0xFF000000,
0x00000000,
0x00000000,
0x00000000,
0x00000000,
0x00000000,
0xFF000000,
0xFF004E05,
0xFF004E05,
0xFF27211F,
0xFF004E05,
0xFF27211F,
0xFF004E05,
0xFF006A02,
0xFF006A02,
0xFF56504F,
0xFF009C41,
0xFF00D48A,
0xFF00BE2C,
0xFF006A02,
0xFF006A02,
0xFF006A02,
0xFF56504F,
0xFF006A02,
0xFF006A02,
0xFF006A02,
0xFF006A02,
0xFF27211F,
0xFF27211F,
0xFF27211F,
0xFF004E05,
0xFF004E05,
0xFF000000,
0xFF000000,
0x00000000,
0x00000000,
0x00000000,
0xFF000000,
0xFF004E05,
0xFF009C41,
0xFF004E05,
0xFF004E05,
0xFF004E05,
0xFF004E05,
0xFF27211F,
0xFF009C41,
0xFF006A02,
0xFF56504F,
0xFF56504F,
0xFF009C41,
0xFF00D48A,
0xFF00BE2C,
0xFF006A02,
0xFF56504F,
0xFF56504F,
0xFF56504F,
0xFF009C41,
0xFF009C41,
0xFF004E05,
0xFF004E05,
0xFF27211F,
0xFF27211F,
0xFF004E05,
0xFF004E05,
0xFF000000,
0x00000000,
0x00000000,
0x00000000,
0x00000000,
0x00000000,
0xFF000000,
0xFF004E05,
0xFF004E05,
0xFF000000,
0xFF27211F,
0xFF27211F,
0xFF27211F,
0xFF004E05,
0xFF009C41,
0xFF56504F,
0xFF56504F,
0xFF00BE2C,
0xFF56504F,
0xFF56504F,
0xFF56504F,
0xFF56504F,
0xFF004E05,
0xFF009C41,
0xFF004E05,
0xFF004E05,
0xFF27211F,
0xFF27211F,
0xFF27211F,
0xFF004E05,
0xFF000000,
0xFF000000,
0x00000000,
0x00000000,
0x00000000,
0x00000000,
0x00000000,
0x00000000,
0xFF000000,
0xFF004E05,
0xFF004E05,
0xFF004E05,
0xFF000000,
0xFF27211F,
0xFF27211F,
0xFF004E05,
0xFF27211F,
0xFF006A02,
0xFF56504F,
0xFF56504F,
0xFF56504F,
0xFF27211F,
0xFF009C41,
0xFF004E05,
0xFF27211F,
0xFF27211F,
0xFF004E05,
0xFF27211F,
0xFF004E05,
0xFF004E05,
0xFF27211F,
0xFF000000,
0x00000000,
0x00000000,
0x00000000,
0x00000000,
0x00000000,
0x00000000,
0x00000000,
0xFF000000,
0xFF004E05,
0xFF009C41,
0xFF009C41,
0xFF004E05,
0xFF004E05,
0xFF000000,
0xFF27211F,
0xFF27211F,
0xFF27211F,
0xFF27211F,
0xFF56504F,
0xFF009C41,
0xFF27211F,
0xFF004E05,
0xFF27211F,
0xFF27211F,
0xFF004E05,
0xFF27211F,
0xFF27211F,
0xFF004E05,
0xFF004E05,
0xFF000000,
0xFF000000,
0x00000000,
0x00000000,
0x00000000,
0x00000000,
0x00000000,
0x00000000,
0x00000000,
0xFF000000,
0xFF004E05,
0xFF009C41,
0xFF004E05,
0xFF004E05,
0xFF004E05,
0xFF004E05,
0xFF004E05,
0xFF000000,
0xFF56504F,
0xFF27211F,
0xFF27211F,
0xFF009C41,
0xFF004E05,
0xFF27211F,
0xFF27211F,
0xFF27211F,
0xFF004E05,
0xFF27211F,
0xFF27211F,
0xFF27211F,
0xFF000000,
0xFF000000,
0x00000000,
0x00000000,
0x00000000,
0xFF000000,
0xFF000000,
0x00000000,
0x00000000,
0x00000000,
0x00000000,
0xFF000000,
0xFF004E05,
0xFF004E05,
0xFF009C41,
0xFF004E05,
0xFF004E05,
0xFF009C41,
0xFF004E05,
0xFF000000,
0xFF000000,
0xFF27211F,
0xFF27211F,
0xFF009C41,
0xFF27211F,
0xFF004E05,
0xFF27211F,
0xFF27211F,
0xFF27211F,
0xFF27211F,
0xFF000000,
0xFF000000,
0x00000000,
0x00000000,
0x00000000,
0x00000000,
0xFF000000,
0xFF004E05,
0xFF009C41,
0xFF000000,
0x00000000,
0x00000000,
0x00000000,
0xFF000000,
0xFF004E05,
0xFF009C41,
0xFF004E05,
0xFF004E05,
0xFF004E05,
0xFF000000,
0xFF000000,
0x00000000,
0xFF000000,
0xFF27211F,
0xFF56504F,
0xFF004E05,
0xFF27211F,
0xFF27211F,
0xFF27211F,
0xFF000000,
0xFF000000,
0xFF000000,
0x00000000,
0x00000000,
0x00000000,
0x00000000,
0x00000000,
0x00000000,
0xFF000000,
0xFF004E05,
0xFF004E05,
0xFF004E05,
0xFF000000,
0x00000000,
0x00000000,
0x00000000,
0xFF000000,
0xFF000000,
0xFF000000,
0xFF000000,
0xFF000000,
0x00000000,
0x00000000,
0x00000000,
0x00000000,
0xFF000000,
0xFF56504F,
0xFF27211F,
0xFF27211F,
0xFF000000,
0xFF000000,
0x00000000,
0x00000000,
0x00000000,
0x00000000,
0x00000000,
0x00000000,
0x00000000,
0x00000000,
0x00000000,
0x00000000,
0xFF000000,
0xFF000000,
0xFF000000,
0x00000000,
0x00000000,
0x00000000,
0x00000000,
0x00000000,
0x00000000,
0x00000000,
0x00000000,
0x00000000,
0x00000000,
0x00000000,
0x00000000,
0x00000000,
0xFF000000,
0xFF56504F,
0xFF000000,
0xFF000000,
0x00000000,
0x00000000,
0x00000000,
0x00000000,
0x00000000,
0x00000000,
0x00000000,
0x00000000,
0x00000000,
0x00000000,
0x00000000,
0x00000000,
0x00000000,
0x00000000,
0x00000000,
0x00000000,
0x00000000,
0x00000000,
0x00000000,
0x00000000,
0x00000000,
0x00000000,
0x00000000,
0x00000000,
0x00000000,
0x00000000,
0x00000000,
0x00000000,
0x00000000,
0xFF000000,
0x00000000,
0x00000000,
0x00000000,
0x00000000,
0x00000000,
0x00000000,
0x00000000,
0x00000000,
0x00000000,
0x00000000,
0x00000000,
0x00000000,
0x00000000,
0x00000000,
0x00000000,
0x00000000,
0x00000000,
0x00000000,
0x00000000,
0x00000000,
0x00000000,
0x00000000,
0x00000000,
0x00000000,
0x00000000,
0x00000000,
0x00000000,
0x00000000,
0x00000000,
0x00000000,
0x00000000,
0x00000000,
0x00000000,
0x00000000,
0x00000000,
0x00000000,
0x00000000,
0x00000000,
0x00000000,
0x00000000,
0x00000000,
0x00000000,
0x00000000,
0x00000000,
0x00000000,
0x00000000,
0x00000000,
0x00000000,
0x00000000,
0x00000000,
0x00000000,
0x00000000,
0x00000000,
0x00000000,
0x00000000,
0x00000000,
0x00000000,
0x00000000,
0x00000000,
0x00000000,
0x00000000,
0x00000000,
0x00000000,
0x00000000,
0x00000000,
0x00000000,
0x00000000,
0x00000000,
0x00000000,
0x00000000,
0x00000000,
0x00000000,
0x00000000,
0x00000000,
0x00000000,
0x00000000,
0x00000000,
0x00000000,
0x00000000,
0x00000000,
0x00000000,
0x00000000,
0x00000000,
0x00000000,
0x00000000,
0x00000000,
0x00000000,
0x00000000,
0x00000000,
0x00000000,
0x00000000,
0x00000000,
0x00000000,
0x00000000,
0x00000000,
0x00000000,
0x00000000,
0x00000000,
0x00000000,
0x00000000,
0x00000000,
0x00000000,
0x00000000,
0x00000000,
0x00000000,
0x00000000,
0x00000000,
0x00000000,
0x00000000,
0x00000000,
0x00000000,
0x00000000,
0x00000000,
0x00000000,
0x00000000,
0x00000000,
0x00000000,
0x00000000,
0x00000000,
0x00000000,
0x00000000,
0x00000000,
0x00000000,
0x00000000,
0x00000000,
0x00000000,
0x00000000,
0x00000000,
0x00000000,
0x00000000,
0x00000000,
0x00000000,
0x00000000,
0x00000000,
0x00000000,
0x00000000,
0x00000000,
0x00000000,
0x00000000,
0x00000000,
0x00000000,
0x00000000,
0x00000000,
0x00000000,
0x00000000,
0x00000000,
0x00000000,
0x00000000,
0x00000000,
0x00000000,
0x00000000,
0x00000000,
0x00000000,
0x00000000,
0x00000000,
0x00000000,
0x00000000,
0x00000000,
0x00000000,
0x00000000,
0x00000000,
0x00000000,
0x00000000,
0x00000000,
0x00000000,
0x00000000,
0x00000000,
0x00000000,
0x00000000,
0x00000000,
0x00000000,
0x00000000,
0x00000000,
0x00000000,
0x00000000,
0x00000000,
0x00000000,
0x00000000,
0x00000000
};
static const uint32_t sprite_10[1024] = {
    0x00000000,
0x00000000,
0x00000000,
0x00000000,
0x00000000,
0x00000000,
0x00000000,
0x00000000,
0x00000000,
0x00000000,
0x00000000,
0x00000000,
0x00000000,
0x00000000,
0x00000000,
0x00000000,
0x00000000,
0x00000000,
0x00000000,
0x00000000,
0x00000000,
0x00000000,
0x00000000,
0x00000000,
0x00000000,
0x00000000,
0x00000000,
0x00000000,
0x00000000,
0x00000000,
0x00000000,
0x00000000,
0x00000000,
0x00000000,
0x00000000,
0x00000000,
0x00000000,
0x00000000,
0x00000000,
0x00000000,
0x00000000,
0x00000000,
0x00000000,
0x00000000,
0x00000000,
0x00000000,
0x00000000,
0x00000000,
0x00000000,
0x00000000,
0x00000000,
0x00000000,
0x00000000,
0x00000000,
0x00000000,
0x00000000,
0x00000000,
0x00000000,
0x00000000,
0x00000000,
0x00000000,
0x00000000,
0x00000000,
0x00000000,
0x00000000,
0x00000000,
0x00000000,
0x00000000,
0x00000000,
0x00000000,
0x00000000,
0x00000000,
0x00000000,
0x00000000,
0x00000000,
0x00000000,
0x00000000,
0x00000000,
0x00000000,
0x00000000,
0x00000000,
0x00000000,
0x00000000,
0x00000000,
0x00000000,
0x00000000,
0x00000000,
0x00000000,
0x00000000,
0x00000000,
0x00000000,
0x00000000,
0x00000000,
0x00000000,
0x00000000,
0x00000000,
0x00000000,
0x00000000,
0x00000000,
0x00000000,
0x00000000,
0x00000000,
0x00000000,
0x00000000,
0x00000000,
0x00000000,
0x00000000,
0x00000000,
0x00000000,
0x00000000,
0x00000000,
0x00000000,
0x00000000,
0x00000000,
0x00000000,
0x00000000,
0x00000000,
0x00000000,
0x00000000,
0x00000000,
0x00000000,
0x00000000,
0x00000000,
0x00000000,
0x00000000,
0x00000000,
0x00000000,
0x00000000,
0x00000000,
0x00000000,
0x00000000,
0x00000000,
0x00000000,
0x00000000,
0x00000000,
0x00000000,
0x00000000,
0x00000000,
0x00000000,
0x00000000,
0x00000000,
0x00000000,
0x00000000,
0x00000000,
0x00000000,
0x00000000,
0x00000000,
0x00000000,
0x00000000,
0x00000000,
0x00000000,
0x00000000,
0x00000000,
0x00000000,
0x00000000,
0x00000000,
0x00000000,
0x00000000,
0x00000000,
0x00000000,
0x00000000,
0x00000000,
0x00000000,
0x00000000,
0x00000000,
0x00000000,
0x00000000,
0x00000000,
0x00000000,
0x00000000,
0x00000000,
0x00000000,
0x00000000,
0x00000000,
0xFF000000,
0xFF000000,
0xFF000000,
0xFF000000,
0xFF000000,
0xFF000000,
0xFF000000,
0x00000000,
0x00000000,
0x00000000,
0x00000000,
0x00000000,
0x00000000,
0x00000000,
0x00000000,
0x00000000,
0x00000000,
0x00000000,
0x00000000,
0x00000000,
0x00000000,
0x00000000,
0x00000000,
0x00000000,
0x00000000,
0x00000000,
0x00000000,
0x00000000,
0x00000000,
0x00000000,
0x00000000,
0xFF000000,
0xFFB0B0B0,
0xFF909090,
0xFF909090,
0xFFB0B0B0,
0xFFFFFFFF,
0xFFB0B0B0,
0xFF909090,
0xFF000000,
0x00000000,
0x00000000,
0x00000000,
0x00000000,
0x00000000,
0x00000000,
0x00000000,
0x00000000,
0x00000000,
0x00000000,
0x00000000,
0x00000000,
0x00000000,
0x00000000,
0x00000000,
0x00000000,
0x00000000,
0x00000000,
0x00000000,
0x00000000,
0x00000000,
0x00000000,
0xFF000000,
0xFFC0C0C0,
0xFFFFFFFF,
0xFFC0C0C0,
0xFFFFFFFF,
0xFFFFFF80,
0xFFD0D0D0,
0xFFE0E0E0,
0xFFC0C0C0,
0xFFA0A0A0,
0xFF000000,
0x00000000,
0x00000000,
0x00000000,
0x00000000,
0x00000000,
0x00000000,
0x00000000,
0x00000000,
0x00000000,
0x00000000,
0x00000000,
0x00000000,
0x00000000,
0x00000000,
0x00000000,
0x00000000,
0x00000000,
0x00000000,
0x00000000,
0x00000000,
0xFF000000,
0xFFD0D0D0,
0xFFFFFFFF,
0xFFC0C0C0,
0xFFD0D0D0,
0xFFFFFFC0,
0xFFC0C0C0,
0xFFC0C0C0,
0xFFD0D0D0,
0xFFC0C0C0,
0xFFA0A0A0,
0xFF000000,
0x00000000,
0x00000000,
0x00000000,
0x00000000,
0x00000000,
0x00000000,
0x00000000,
0x00000000,
0x00000000,
0x00000000,
0x00000000,
0x00000000,
0x00000000,
0x00000000,
0x00000000,
0x00000000,
0x00000000,
0x00000000,
0x00000000,
0xFF000000,
0xFFD0D0D0,
0xFFC0C0C0,
0xFFD0D0D0,
0xFFFFFFFF,
0xFFD0D0D0,
0xFFC0C0C0,
0xFF909090,
0xFF909090,
0xFFE0E0E0,
0xFFE0E0E0,
0xFF909090,
0xFF909090,
0xFF000000,
0x00000000,
0x00000000,
0x00000000,
0x00000000,
0x00000000,
0x00000000,
0x00000000,
0x00000000,
0x00000000,
0x00000000,
0x00000000,
0x00000000,
0x00000000,
0x00000000,
0x00000000,
0x00000000,
0x00000000,
0xFF000000,
0xFFD0D0D0,
0xFFFFFFFF,
0xFFD0D0D0,
0xFFFFFF80,
0xFFFFFFFF,
0xFF909090,
0xFF909090,
0xFFFFFFC0,
0xFFE0E000,
0xFFD0D0D0,
0xFFC0C0C0,
0xFF909090,
0xFFA0A0A0,
0xFF000000,
0x00000000,
0x00000000,
0x00000000,
0x00000000,
0x00000000,
0x00000000,
0x00000000,
0x00000000,
0x00000000,
0x00000000,
0x00000000,
0x00000000,
0x00000000,
0x00000000,
0x00000000,
0x00000000,
0xFF000000,
0xFFD0D0D0,
0xFFE0E0E0,
0xFFE0E0E0,
0xFFF0F0F0,
0xFFF0F0F0,
0xFF909090,
0xFFFFFFC0,
0xFFFFFFC0,
0xFFE0E000,
0xFFD0D0D0,
0xFFD0D0D0,
0xFFFFFFC0,
0xFFE0E0E0,
0xFF909090,
0xFF707070,
0xFF000000,
0x00000000,
0x00000000,
0x00000000,
0x00000000,
0x00000000,
0x00000000,
0x00000000,
0x00000000,
0x00000000,
0x00000000,
0x00000000,
0x00000000,
0x00000000,
0x00000000,
0xFF000000,
0xFFD0D0D0,
0xFFE0E0E0,
0xFFFFFF80,
0xFFE0E0E0,
0xFFD0D0D0,
0xFF909090,
0xFFFFFF80,
0xFFFFFF00,
0xFFE0E000,
0xFF909090,
0xFFE0E0E0,
0xFFD0D0D0,
0xFFC0C0C0,
0xFFD0D0D0,
0xFFE0E0E0,
0xFF707070,
0xFF000000,
0x00000000,
0x00000000,
0x00000000,
0x00000000,
0x00000000,
0x00000000,
0x00000000,
0x00000000,
0x00000000,
0x00000000,
0x00000000,
0x00000000,
0x00000000,
0xFF000000,
0xFFD0D0D0,
0xFFFFFFFF,
0xFFE0E0E0,
0xFFF0F0F0,
0xFFD0D0D0,
0xFF909090,
0xFFFFFF80,
0xFFC0C000,
0xFFFFFF80,
0xFFFFFF00,
0xFFE0E0E0,
0xFFD0D0D0,
0xFFFFFF80,
0xFFA0A0A0,
0xFF909090,
0xFF707070,
0xFF505050,
0xFF000000,
0xFF000000,
0xFF000000,
0xFF000000,
0xFF000000,
0x00000000,
0x00000000,
0x00000000,
0x00000000,
0x00000000,
0x00000000,
0x00000000,
0x00000000,
0xFF000000,
0xFFFFFFFF,
0xFFE0E0E0,
0xFFD0D0D0,
0xFFE0E0E0,
0xFFD0D0D0,
0xFF909090,
0xFFFFFF80,
0xFFC0C000,
0xFFA0A0A0,
0xFFFFFF80,
0xFFC0C000,
0xFFD0D0D0,
0xFFD0D0D0,
0xFFC0C0C0,
0xFFA0A0A0,
0xFF909090,
0xFFFFFF80,
0xFFA0A0A0,
0xFF000000,
0xFF000000,
0xFF000000,
0xFF000000,
0xFF000000,
0xFF000000,
0x00000000,
0x00000000,
0x00000000,
0x00000000,
0x00000000,
0x00000000,
0xFF000000,
0xFFB0B0B0,
0xFFD0D0D0,
0xFFF0F0F0,
0xFFFFFFC0,
0xFFD0D0D0,
0xFF909090,
0xFFFFFF80,
0xFFC0C000,
0xFFD0D0D0,
0xFFF0F0F0,
0xFFA0A0A0,
0xFFFFFF80,
0xFFC0C000,
0xFFD0D0D0,
0xFFE0E0E0,
0xFF909090,
0xFF707070,
0xFF707070,
0xFF707070,
0xFF000000,
0xFF000000,
0xFF000000,
0xFF000000,
0xFF000000,
0xFF000000,
0xFF000000,
0x00000000,
0x00000000,
0x00000000,
0x00000000,
0xFF000000,
0xFFB0B0B0,
0xFFD0D0D0,
0xFFE0E0E0,
0xFFD0D0D0,
0xFFFFFFFF,
0xFF909090,
0xFFFFFF80,
0xFFC0C000,
0xFFD0D0D0,
0xFFF0F0F0,
0xFFC0C0C0,
0xFFA0A0A0,
0xFFFFFF80,
0xFFC0C000,
0xFFD0D0D0,
0xFFFFFFC0,
0xFF909090,
0xFFFFFF80,
0xFFA0A0A0,
0xFF000000,
0xFF000000,
0xFF000000,
0xFF000000,
0xFF000000,
0xFF000000,
0xFF000000,
0xFF000000,
0x00000000,
0x00000000,
0x00000000,
0xFF000000,
0xFFB0B0B0,
0xFFD0D0D0,
0xFFD0D0D0,
0xFFF0F0F0,
0xFFE0E0E0,
0xFF909090,
0xFFFFFF80,
0xFFFFFF00,
0xFFFFFF00,
0xFFFFFFC0,
0xFFFFFFC0,
0xFFFFFF80,
0xFFFFFF80,
0xFFC0C000,
0xFFE0E000,
0xFFE0E0E0,
0xFFC0C0C0,
0xFF707070,
0xFFA0A0A0,
0xFF707070,
0xFF000000,
0xFF000000,
0xFF000000,
0xFF000000,
0xFF000000,
0xFF000000,
0xFF000000,
0xFF000000,
0x00000000,
0x00000000,
0x00000000,
0xFF000000,
0xFFB0B0B0,
0xFFF0F0F0,
0xFFE0E0E0,
0xFFFFFFC0,
0xFF909090,
0xFFFFFF00,
0xFFFFFF00,
0xFFE0E000,
0xFFC0C000,
0xFFC0C000,
0xFFC0C000,
0xFFC0C000,
0xFFE0E000,
0xFFE0E000,
0xFFD0D0D0,
0xFFC0C0C0,
0xFFB0B0B0,
0xFF707070,
0xFF707070,
0xFF505050,
0xFF000000,
0xFF000000,
0xFF000000,
0xFF000000,
0xFF000000,
0xFF000000,
0xFF000000,
0xFF000000,
0xFF000000,
0x00000000,
0xFF000000,
0xFFB0B0B0,
0xFFD0D0D0,
0xFFF0F0F0,
0xFFD0D0D0,
0xFF909090,
0xFFFFFF80,
0xFFC0C000,
0xFF909090,
0xFFD0D0D0,
0xFFD0D0D0,
0xFFE0E0E0,
0xFFA0A0A0,
0xFF909090,
0xFFA0A0A0,
0xFFD0D0D0,
0xFFC0C0C0,
0xFFD0D0D0,
0xFFA0A0A0,
0xFF707070,
0xFF505050,
0xFF505050,
0xFF000000,
0xFF000000,
0xFF000000,
0xFF000000,
0xFF000000,
0xFF000000,
0xFF000000,
0xFF000000,
0xFF000000,
0xFF000000,
0xFF909090,
0xFFF0F0F0,
0xFFFFFF80,
0xFFE0E0E0,
0xFF909090,
0xFFFFFF80,
0xFFC0C000,
0xFF909090,
0xFFF0F0F0,
0xFFE0E0E0,
0xFFFFFFFF,
0xFFF0F0F0,
0xFFD0D0D0,
0xFFA0A0A0,
0xFFE0E0E0,
0xFFC0C0C0,
0xFFE0E0E0,
0xFFFFFF80,
0xFF909090,
0xFF909090,
0xFF707070,
0xFF000000,
0xFF000000,
0xFF000000,
0xFF000000,
0xFF000000,
0xFF000000,
0xFF000000,
0xFF000000,
0xFF000000,
0xFF000000,
0xFF000000,
0xFF909090,
0xFFE0E0E0,
0xFFFFFFFF,
0xFF909090,
0xFFFFFF80,
0xFFE0E000,
0xFFD0D0D0,
0xFFE0E0E0,
0xFFE0E0E0,
0xFFFFFFC0,
0xFFF0F0F0,
0xFFD0D0D0,
0xFFFFFFFF,
0xFFC0C0C0,
0xFFC0C0C0,
0xFFB0B0B0,
0xFFA0A0A0,
0xFFA0A0A0,
0xFF909090,
0xFF505050,
0xFF909090,
0xFF000000,
0xFF000000,
0xFF000000,
0xFF000000,
0xFF000000,
0xFF000000,
0xFF000000,
0xFF000000,
0xFF000000,
0xFF000000,
0x00000000,
0xFF000000,
0xFFB0B0B0,
0xFFE0E0E0,
0xFF909090,
0xFFE0E000,
0xFFD0D0D0,
0xFFF0F0F0,
0xFFD0D0D0,
0xFFD0D0D0,
0xFFFFFFFF,
0xFFC0C0C0,
0xFFC0C0C0,
0xFFC0C0C0,
0xFFB0B0B0,
0xFFB0B0B0,
0xFFD0D0D0,
0xFF909090,
0xFFA0A0A0,
0xFFA0A0A0,
0xFF909090,
0xFF707070,
0xFF000000,
0xFF000000,
0xFF000000,
0xFF000000,
0xFF000000,
0xFF000000,
0xFF000000,
0xFF000000,
0xFF000000,
0x00000000,
0x00000000,
0xFF000000,
0xFF909090,
0xFFB0B0B0,
0xFFE0E0E0,
0xFFC0C0C0,
0xFFC0C0C0,
0xFFC0C0C0,
0xFFF0F0F0,
0xFFC0C0C0,
0xFFC0C0C0,
0xFFB0B0B0,
0xFFB0B0B0,
0xFF909090,
0xFFA0A0A0,
0xFFFFFF80,
0xFFA0A0A0,
0xFF707070,
0xFFA0A0A0,
0xFF909090,
0xFF707070,
0xFF000000,
0xFF000000,
0xFF000000,
0xFF000000,
0xFF000000,
0xFF000000,
0xFF000000,
0xFF000000,
0xFF000000,
0x00000000,
0x00000000,
0x00000000,
0x00000000,
0xFF000000,
0xFF909090,
0xFFE0E0E0,
0xFFB0B0B0,
0xFFFFFF80,
0xFFD0D0D0,
0xFFB0B0B0,
0xFFB0B0B0,
0xFFFFFF80,
0xFFA0A0A0,
0xFFA0A0A0,
0xFF707070,
0xFF707070,
0xFFD0D0D0,
0xFF909090,
0xFFA0A0A0,
0xFF909090,
0xFF707070,
0xFF000000,
0xFF000000,
0xFF000000,
0xFF000000,
0xFF000000,
0xFF000000,
0xFF000000,
0xFF000000,
0xFF000000,
0xFF000000,
0x00000000,
0x00000000,
0x00000000,
0x00000000,
0x00000000,
0xFF000000,
0xFF909090,
0xFFB0B0B0,
0xFFB0B0B0,
0xFFD0D0D0,
0xFFE0E0A8,
0xFFB0B0B0,
0xFFD0D0D0,
0xFF909090,
0xFFFFFF80,
0xFFD0D0D0,
0xFFA0A0A0,
0xFF707070,
0xFFA0A0A0,
0xFF909090,
0xFF707070,
0xFF000000,
0xFF000000,
0xFF000000,
0xFF000000,
0xFF000000,
0xFF000000,
0xFF000000,
0xFF000000,
0xFF000000,
0xFF000000,
0x00000000,
0x00000000,
0x00000000,
0x00000000,
0x00000000,
0x00000000,
0xFF000000,
0xFF505050,
0xFF909090,
0xFFB0B0B0,
0xFFB0B0B0,
0xFFB0B0B0,
0xFF707070,
0xFFB0B0B0,
0xFFA0A0A0,
0xFFA0A0A0,
0xFFA0A0A0,
0xFF707070,
0xFFA0A0A0,
0xFF909090,
0xFF707070,
0xFF707070,
0xFF000000,
0xFF000000,
0xFF000000,
0xFF000000,
0xFF000000,
0xFF000000,
0xFF000000,
0xFF000000,
0xFF000000,
0xFF000000,
0x00000000,
0x00000000,
0x00000000,
0x00000000,
0x00000000,
0x00000000,
0x00000000,
0xFF000000,
0xFF505050,
0xFF909090,
0xFFB0B0B0,
0xFF707070,
0xFFB0B0B0,
0xFFE0E0E0,
0xFFB0B0B0,
0xFFA0A0A0,
0xFFA0A0A0,
0xFF505050,
0xFF707070,
0xFF707070,
0xFF505050,
0xFF000000,
0xFF000000,
0xFF000000,
0xFF000000,
0xFF000000,
0xFF000000,
0xFF000000,
0xFF000000,
0xFF000000,
0xFF000000,
0x00000000,
0x00000000,
0x00000000,
0x00000000,
0x00000000,
0x00000000,
0x00000000,
0x00000000,
0x00000000,
0xFF000000,
0xFF707070,
0xFF707070,
0xFF505050,
0xFF505050,
0xFF808080,
0xFF808080,
0xFF707070,
0xFF707070,
0xFF505050,
0xFF707070,
0xFF505050,
0xFF000000,
0xFF000000,
0xFF000000,
0xFF000000,
0xFF000000,
0xFF000000,
0xFF000000,
0xFF000000,
0xFF000000,
0x00000000,
0x00000000,
0x00000000,
0x00000000,
0x00000000,
0x00000000,
0x00000000,
0x00000000,
0x00000000,
0x00000000,
0x00000000,
0x00000000,
0xFF000000,
0xFF000000,
0xFF000000,
0xFF505050,
0xFF505050,
0xFF505050,
0xFF505050,
0xFF707070,
0xFF505050,
0xFF505050,
0xFF000000,
0xFF000000,
0xFF000000,
0xFF000000,
0xFF000000,
0xFF000000,
0xFF000000,
0xFF000000,
0x00000000,
0x00000000,
0x00000000,
0x00000000,
0x00000000,
0x00000000,
0x00000000,
0x00000000,
0x00000000,
0x00000000,
0x00000000,
0x00000000,
0x00000000,
0x00000000,
0x00000000,
0x00000000,
0x00000000,
0xFF000000,
0xFF000000,
0xFF505050,
0xFF505050,
0xFF505050,
0xFF000000,
0xFF000000,
0xFF000000,
0xFF000000,
0xFF000000,
0xFF000000,
0xFF000000,
0x00000000,
0x00000000,
0x00000000,
0x00000000,
0x00000000,
0x00000000,
0x00000000,
0x00000000,
0x00000000,
0x00000000,
0x00000000,
0x00000000,
0x00000000,
0x00000000,
0x00000000,
0x00000000,
0x00000000,
0x00000000,
0x00000000,
0x00000000,
0x00000000,
0x00000000,
0xFF000000,
0xFF000000,
0xFF000000,
0xFF000000,
0xFF000000,
0xFF000000,
0xFF000000,
0xFF000000,
0x00000000,
0x00000000,
0x00000000,
0x00000000,
0x00000000,
0x00000000,
0x00000000,
0x00000000,
0x00000000,
0x00000000,
0x00000000,
0x00000000,
0x00000000
};
static const uint32_t sprite_11[1024] = {
    0x00000000,
0x00000000,
0x00000000,
0x00000000,
0x00000000,
0x00000000,
0x00000000,
0x00000000,
0x00000000,
0x00000000,
0x00000000,
0x00000000,
0x00000000,
0x00000000,
0x00000000,
0x00000000,
0x00000000,
0x00000000,
0x00000000,
0x00000000,
0x00000000,
0x00000000,
0x00000000,
0x00000000,
0x00000000,
0x00000000,
0x00000000,
0x00000000,
0x00000000,
0x00000000,
0x00000000,
0x00000000,
0x00000000,
0x00000000,
0x00000000,
0x00000000,
0x00000000,
0x00000000,
0x00000000,
0x00000000,
0x00000000,
0x00000000,
0x00000000,
0x00000000,
0x00000000,
0x00000000,
0x00000000,
0x00000000,
0x00000000,
0x00000000,
0x00000000,
0x00000000,
0x00000000,
0x00000000,
0x00000000,
0x00000000,
0x00000000,
0x00000000,
0x00000000,
0x00000000,
0x00000000,
0x00000000,
0x00000000,
0x00000000,
0x00000000,
0x00000000,
0x00000000,
0x00000000,
0x00000000,
0x00000000,
0x00000000,
0x00000000,
0x00000000,
0x00000000,
0x00000000,
0x00000000,
0x00000000,
0x00000000,
0x00000000,
0x00000000,
0x00000000,
0x00000000,
0x00000000,
0x00000000,
0x00000000,
0x00000000,
0x00000000,
0x00000000,
0x00000000,
0x00000000,
0x00000000,
0x00000000,
0x00000000,
0x00000000,
0x00000000,
0x00000000,
0x00000000,
0x00000000,
0x00000000,
0x00000000,
0x00000000,
0x00000000,
0x00000000,
0x00000000,
0x00000000,
0x00000000,
0x00000000,
0x00000000,
0x00000000,
0x00000000,
0x00000000,
0x00000000,
0x00000000,
0x00000000,
0x00000000,
0x00000000,
0x00000000,
0x00000000,
0x00000000,
0x00000000,
0x00000000,
0x00000000,
0x00000000,
0x00000000,
0x00000000,
0x00000000,
0x00000000,
0x00000000,
0x00000000,
0x00000000,
0x00000000,
0x00000000,
0x00000000,
0x00000000,
0x00000000,
0x00000000,
0x00000000,
0x00000000,
0x00000000,
0x00000000,
0x00000000,
0x00000000,
0x00000000,
0xFF000000,
0xFF000000,
0xFF000000,
0xFF000000,
0xFF000000,
0xFF000000,
0xFF000000,
0x00000000,
0x00000000,
0x00000000,
0x00000000,
0x00000000,
0x00000000,
0x00000000,
0x00000000,
0x00000000,
0x00000000,
0x00000000,
0x00000000,
0x00000000,
0x00000000,
0x00000000,
0x00000000,
0x00000000,
0x00000000,
0x00000000,
0x00000000,
0x00000000,
0x00000000,
0x00000000,
0xFF000000,
0xFF000000,
0xFFF7F2BB,
0xFFF7F2BB,
0xFFF7F2BB,
0xFFF7F2BB,
0xFFE9E182,
0xFFE9E182,
0xFFE9E182,
0xFF000000,
0x00000000,
0x00000000,
0x00000000,
0x00000000,
0x00000000,
0x00000000,
0x00000000,
0x00000000,
0x00000000,
0x00000000,
0x00000000,
0x00000000,
0x00000000,
0x00000000,
0x00000000,
0x00000000,
0x00000000,
0x00000000,
0x00000000,
0x00000000,
0x00000000,
0xFF000000,
0xFFF7F2BB,
0xFFF7F2BB,
0xFFBCB154,
0xFFBCB154,
0xFFBCB154,
0xFFE9E182,
0xFFE9E182,
0xFFE9E182,
0xFFE9E182,
0xFFBCB154,
0xFF000000,
0x00000000,
0x00000000,
0x00000000,
0x00000000,
0x00000000,
0x00000000,
0x00000000,
0x00000000,
0x00000000,
0x00000000,
0x00000000,
0x00000000,
0x00000000,
0x00000000,
0x00000000,
0x00000000,
0x00000000,
0xFF000000,
0xFF000000,
0xFF000000,
0xFFF7F2BB,
0xFFF7F2BB,
0xFFBCB154,
0xFFBCB154,
0xFFBCB154,
0xFFBCB154,
0xFFE9E182,
0xFFE9E182,
0xFFE9E182,
0xFFBCB154,
0xFFBCB154,
0xFF000000,
0x00000000,
0x00000000,
0x00000000,
0x00000000,
0x00000000,
0x00000000,
0x00000000,
0x00000000,
0x00000000,
0x00000000,
0x00000000,
0x00000000,
0x00000000,
0x00000000,
0x00000000,
0x00000000,
0xFF000000,
0xFFF7F2BB,
0xFFF7F2BB,
0xFFF7F2BB,
0xFFF7F2BB,
0xFFF7F2BB,
0xFFBCB154,
0xFFBCB154,
0xFF932F18,
0xFFBCB154,
0xFFBCB154,
0xFFE9E182,
0xFFE9E182,
0xFFBCB154,
0xFFBCB154,
0xFF000000,
0x00000000,
0x00000000,
0x00000000,
0x00000000,
0x00000000,
0x00000000,
0x00000000,
0x00000000,
0x00000000,
0x00000000,
0x00000000,
0x00000000,
0x00000000,
0x00000000,
0xFF000000,
0xFF000000,
0xFFCE8136,
0xFFBCB154,
0xFFBCB154,
0xFFF7F2BB,
0xFFF7F2BB,
0xFFF7F2BB,
0xFFE9E182,
0xFF932F18,
0xFF932F18,
0xFFBCB154,
0xFFBCB154,
0xFFE9E182,
0xFFBCB154,
0xFFBCB154,
0xFFBCB154,
0xFF000000,
0x00000000,
0x00000000,
0x00000000,
0x00000000,
0x00000000,
0x00000000,
0x00000000,
0x00000000,
0x00000000,
0x00000000,
0x00000000,
0x00000000,
0x00000000,
0xFF000000,
0xFFBCB154,
0xFFCE8136,
0xFFCE8136,
0xFFBCB154,
0xFFBCB154,
0xFFBCB154,
0xFFF7F2BB,
0xFFF7F2BB,
0xFF932F18,
0xFF932F18,
0xFF932F18,
0xFFE9E182,
0xFFBCB154,
0xFFE9E182,
0xFFBCB154,
0xFFCE8136,
0xFFBCB154,
0xFF000000,
0x00000000,
0x00000000,
0x00000000,
0x00000000,
0x00000000,
0x00000000,
0x00000000,
0x00000000,
0x00000000,
0x00000000,
0x00000000,
0x00000000,
0x00000000,
0xFF000000,
0xFFCE8136,
0xFFCE8136,
0xFFCE8136,
0xFFCE8136,
0xFFBCB154,
0xFFBCB154,
0xFFBCB154,
0xFFF7F2BB,
0xFFE9E182,
0xFF932F18,
0xFF932F18,
0xFFDC871B,
0xFFBCB154,
0xFFBCB154,
0xFFBCB154,
0xFFCE8136,
0xFFCE8136,
0xFF000000,
0x00000000,
0x00000000,
0x00000000,
0x00000000,
0x00000000,
0x00000000,
0x00000000,
0x00000000,
0x00000000,
0x00000000,
0x00000000,
0x00000000,
0xFF000000,
0xFFCE8136,
0xFFCE8136,
0xFFCE8136,
0xFFCE8136,
0xFFCE8136,
0xFFBCB154,
0xFFBCB154,
0xFFBCB154,
0xFFBCB154,
0xFFE9E182,
0xFFE9E182,
0xFF932F18,
0xFF932F18,
0xFFE9E182,
0xFFBCB154,
0xFFCE8136,
0xFFCE8136,
0xFFCE8136,
0xFF000000,
0x00000000,
0x00000000,
0x00000000,
0x00000000,
0x00000000,
0x00000000,
0x00000000,
0x00000000,
0x00000000,
0x00000000,
0x00000000,
0x00000000,
0x00000000,
0xFF000000,
0xFFCE8136,
0xFFBCB154,
0xFFCE8136,
0xFFCE8136,
0xFFBCB154,
0xFFBCB154,
0xFFBCB154,
0xFFBCB154,
0xFFE9E182,
0xFFE9E182,
0xFFDC871B,
0xFF932F18,
0xFFE9E182,
0xFFF7F2BB,
0xFFCE8136,
0xFFCE8136,
0xFFCE8136,
0xFF000000,
0x00000000,
0x00000000,
0x00000000,
0x00000000,
0x00000000,
0x00000000,
0x00000000,
0x00000000,
0x00000000,
0x00000000,
0x00000000,
0x00000000,
0x00000000,
0x00000000,
0xFF000000,
0xFFBCB154,
0xFFBCB154,
0xFFCE8136,
0xFFE9E182,
0xFFBCB154,
0xFFBCB154,
0xFFBCB154,
0xFFE9E182,
0xFFE9E182,
0xFFE9E182,
0xFF932F18,
0xFF932F18,
0xFFF7F2BB,
0xFFF7F2BB,
0xFFCE8136,
0xFFBCB154,
0xFF000000,
0x00000000,
0x00000000,
0x00000000,
0x00000000,
0x00000000,
0x00000000,
0x00000000,
0x00000000,
0x00000000,
0x00000000,
0x00000000,
0x00000000,
0x00000000,
0x00000000,
0xFF000000,
0xFFCE8136,
0xFFBCB154,
0xFFBCB154,
0xFFE9E182,
0xFFBCB154,
0xFFBCB154,
0xFFBCB154,
0xFFBCB154,
0xFFBCB154,
0xFFE9E182,
0xFFE9E182,
0xFF932F18,
0xFFF7F2BB,
0xFFF7F2BB,
0xFFF7F2BB,
0xFFBCB154,
0xFFBCB154,
0xFF000000,
0x00000000,
0x00000000,
0x00000000,
0x00000000,
0x00000000,
0x00000000,
0x00000000,
0x00000000,
0x00000000,
0x00000000,
0x00000000,
0x00000000,
0x00000000,
0xFF000000,
0xFFCE8136,
0xFFBCB154,
0xFFE9E182,
0xFFE9E182,
0xFFE9E182,
0xFFBCB154,
0xFFBCB154,
0xFFBCB154,
0xFFBCB154,
0xFFBCB154,
0xFFBCB154,
0xFF932F18,
0xFF932F18,
0xFFF7F2BB,
0xFFF7F2BB,
0xFFF7F2BB,
0xFFBCB154,
0xFF000000,
0xFF000000,
0x00000000,
0x00000000,
0x00000000,
0x00000000,
0x00000000,
0x00000000,
0x00000000,
0x00000000,
0x00000000,
0x00000000,
0x00000000,
0x00000000,
0x00000000,
0xFF000000,
0xFFCE8136,
0xFFBCB154,
0xFFE9E182,
0xFFE9E182,
0xFFBCB154,
0xFFBCB154,
0xFFCE8136,
0xFFBCB154,
0xFFBCB154,
0xFFBCB154,
0xFFDC871B,
0xFF932F18,
0xFFDC871B,
0xFFF7F2BB,
0xFFF7F2BB,
0xFFBCB154,
0xFF000000,
0xFF000000,
0xFF000000,
0xFF000000,
0xFF000000,
0x00000000,
0x00000000,
0x00000000,
0x00000000,
0x00000000,
0x00000000,
0x00000000,
0x00000000,
0x00000000,
0x00000000,
0x00000000,
0xFF000000,
0xFFBCB154,
0xFFE9E182,
0xFFE9E182,
0xFFE9E182,
0xFF000000,
0xFFCE8136,
0xFFCE8136,
0xFFCE8136,
0xFFE9E182,
0xFFE9E182,
0xFF932F18,
0xFF932F18,
0xFFF7F2BB,
0xFFCE8136,
0xFFBCB154,
0xFF000000,
0xFF000000,
0xFF000000,
0xFF000000,
0xFF000000,
0x00000000,
0x00000000,
0x00000000,
0x00000000,
0x00000000,
0x00000000,
0x00000000,
0x00000000,
0x00000000,
0x00000000,
0x00000000,
0xFF000000,
0xFFBCB154,
0xFFBCB154,
0xFFE9E182,
0xFF000000,
0xFF000000,
0xFFCE8136,
0xFFCE8136,
0xFFCE8136,
0xFFCE8136,
0xFFE9E182,
0xFF932F18,
0xFF932F18,
0xFF932F18,
0xFFCE8136,
0xFFCE8136,
0xFF000000,
0xFF000000,
0xFF000000,
0xFF000000,
0xFF000000,
0x00000000,
0x00000000,
0x00000000,
0x00000000,
0x00000000,
0x00000000,
0x00000000,
0x00000000,
0x00000000,
0x00000000,
0x00000000,
0xFF000000,
0xFFBCB154,
0xFFBCB154,
0xFF000000,
0xFF000000,
0xFF000000,
0xFF000000,
0xFFCE8136,
0xFFCE8136,
0xFFBCB154,
0xFFE9E182,
0xFF932F18,
0xFFDC871B,
0xFFE9E182,
0xFFCE8136,
0xFFCE8136,
0xFF000000,
0xFF000000,
0xFF000000,
0xFF000000,
0x00000000,
0x00000000,
0x00000000,
0x00000000,
0x00000000,
0x00000000,
0x00000000,
0x00000000,
0x00000000,
0x00000000,
0x00000000,
0x00000000,
0xFF000000,
0xFFBCB154,
0xFFBCB154,
0xFF000000,
0xFF000000,
0xFF000000,
0xFF000000,
0xFF000000,
0xFFCE8136,
0xFFBCB154,
0xFFBCB154,
0xFFE9E182,
0xFFE9E182,
0xFFBCB154,
0xFFCE8136,
0xFF000000,
0xFF000000,
0xFF000000,
0xFF000000,
0x00000000,
0x00000000,
0x00000000,
0x00000000,
0x00000000,
0x00000000,
0x00000000,
0x00000000,
0x00000000,
0x00000000,
0x00000000,
0x00000000,
0x00000000,
0x00000000,
0xFF000000,
0xFFBCB154,
0xFF000000,
0xFF000000,
0x00000000,
0x00000000,
0x00000000,
0xFF000000,
0xFFCE8136,
0xFFBCB154,
0xFFBCB154,
0xFFE9E182,
0xFFBCB154,
0xFFBCB154,
0xFF000000,
0xFF000000,
0xFF000000,
0x00000000,
0x00000000,
0x00000000,
0x00000000,
0x00000000,
0x00000000,
0x00000000,
0x00000000,
0x00000000,
0x00000000,
0x00000000,
0x00000000,
0x00000000,
0x00000000,
0x00000000,
0x00000000,
0xFF000000,
0xFF000000,
0x00000000,
0x00000000,
0x00000000,
0x00000000,
0x00000000,
0xFF000000,
0xFFCE8136,
0xFFBCB154,
0xFFBCB154,
0xFFBCB154,
0xFFBCB154,
0xFF000000,
0xFF000000,
0xFF000000,
0x00000000,
0x00000000,
0x00000000,
0x00000000,
0x00000000,
0x00000000,
0x00000000,
0x00000000,
0x00000000,
0x00000000,
0x00000000,
0x00000000,
0x00000000,
0x00000000,
0x00000000,
0x00000000,
0x00000000,
0x00000000,
0x00000000,
0x00000000,
0x00000000,
0x00000000,
0x00000000,
0x00000000,
0xFF000000,
0xFFCE8136,
0xFFBCB154,
0xFFF7F2BB,
0xFFF7F2BB,
0xFF000000,
0xFF000000,
0xFF000000,
0x00000000,
0x00000000,
0x00000000,
0x00000000,
0x00000000,
0x00000000,
0x00000000,
0x00000000,
0x00000000,
0x00000000,
0x00000000,
0x00000000,
0x00000000,
0x00000000,
0x00000000,
0x00000000,
0x00000000,
0x00000000,
0x00000000,
0x00000000,
0x00000000,
0x00000000,
0x00000000,
0x00000000,
0x00000000,
0xFF000000,
0xFFBCB154,
0xFFF7F2BB,
0xFFF7F2BB,
0xFF000000,
0xFF000000,
0x00000000,
0x00000000,
0x00000000,
0x00000000,
0x00000000,
0x00000000,
0x00000000,
0x00000000,
0x00000000,
0x00000000,
0x00000000,
0x00000000,
0x00000000,
0x00000000,
0x00000000,
0x00000000,
0x00000000,
0x00000000,
0x00000000,
0x00000000,
0x00000000,
0x00000000,
0x00000000,
0x00000000,
0x00000000,
0x00000000,
0x00000000,
0xFF000000,
0xFFBCB154,
0xFFF7F2BB,
0xFFF7F2BB,
0xFF000000,
0x00000000,
0x00000000,
0x00000000,
0x00000000,
0x00000000,
0x00000000,
0x00000000,
0x00000000,
0x00000000,
0x00000000,
0x00000000,
0x00000000,
0x00000000,
0x00000000,
0x00000000,
0x00000000,
0x00000000,
0x00000000,
0x00000000,
0x00000000,
0x00000000,
0x00000000,
0x00000000,
0x00000000,
0x00000000,
0x00000000,
0x00000000,
0x00000000,
0xFF000000,
0xFFF7F2BB,
0xFFF7F2BB,
0xFF000000,
0x00000000,
0x00000000,
0x00000000,
0x00000000,
0x00000000,
0x00000000,
0x00000000,
0x00000000,
0x00000000,
0x00000000,
0x00000000,
0x00000000,
0x00000000,
0x00000000,
0x00000000,
0x00000000,
0x00000000,
0x00000000,
0x00000000,
0x00000000,
0x00000000,
0x00000000,
0x00000000,
0x00000000,
0x00000000,
0x00000000,
0x00000000,
0x00000000,
0x00000000,
0xFF000000,
0xFFF7F2BB,
0xFF000000,
0x00000000,
0x00000000,
0x00000000,
0x00000000,
0x00000000,
0x00000000,
0x00000000,
0x00000000,
0x00000000,
0x00000000,
0x00000000,
0x00000000,
0x00000000,
0x00000000,
0x00000000,
0x00000000,
0x00000000,
0x00000000,
0x00000000,
0x00000000,
0x00000000,
0x00000000,
0x00000000,
0x00000000,
0x00000000,
0x00000000,
0x00000000,
0x00000000,
0x00000000,
0x00000000,
0xFF000000,
0x00000000,
0x00000000,
0x00000000,
0x00000000,
0x00000000,
0x00000000,
0x00000000,
0x00000000,
0x00000000,
0x00000000,
0x00000000,
0x00000000,
0x00000000,
0x00000000,
0x00000000,
0x00000000,
0x00000000,
0x00000000,
0x00000000,
0x00000000,
0x00000000,
0x00000000,
0x00000000,
0x00000000,
0x00000000,
0x00000000,
0x00000000,
0x00000000,
0x00000000,
0x00000000,
0x00000000,
0x00000000,
0x00000000,
0x00000000,
0x00000000,
0x00000000,
0x00000000,
0x00000000,
0x00000000,
0x00000000,
0x00000000,
0x00000000,
0x00000000,
0x00000000,
0x00000000,
0x00000000,
0x00000000,
0x00000000,
0x00000000,
0x00000000,
0x00000000,
0x00000000,
0x00000000,
0x00000000,
0x00000000,
0x00000000,
0x00000000,
0x00000000,
0x00000000,
0x00000000,
0x00000000,
0x00000000,
0x00000000,
0x00000000,
0x00000000,
0x00000000,
0x00000000,
0x00000000,
0x00000000,
0x00000000,
0x00000000,
0x00000000
};
static const uint32_t sprite_12[1024] = {
    0x00000000,
0x00000000,
0x00000000,
0x00000000,
0x00000000,
0x00000000,
0x00000000,
0x00000000,
0x00000000,
0x00000000,
0x00000000,
0x00000000,
0x00000000,
0x00000000,
0x00000000,
0x00000000,
0x00000000,
0x00000000,
0x00000000,
0x00000000,
0x00000000,
0x00000000,
0x00000000,
0x00000000,
0x00000000,
0x00000000,
0x00000000,
0x00000000,
0x00000000,
0x00000000,
0x00000000,
0x00000000,
0x00000000,
0x00000000,
0x00000000,
0x00000000,
0x00000000,
0x00000000,
0x00000000,
0x00000000,
0x00000000,
0x00000000,
0x00000000,
0x00000000,
0x00000000,
0x00000000,
0x00000000,
0x00000000,
0x00000000,
0x00000000,
0x00000000,
0x00000000,
0x00000000,
0x00000000,
0x00000000,
0x00000000,
0x00000000,
0x00000000,
0x00000000,
0x00000000,
0x00000000,
0x00000000,
0x00000000,
0x00000000,
0x00000000,
0x00000000,
0x00000000,
0x00000000,
0x00000000,
0x00000000,
0x00000000,
0x00000000,
0x00000000,
0x00000000,
0x00000000,
0x00000000,
0x00000000,
0x00000000,
0x00000000,
0x00000000,
0x00000000,
0x00000000,
0x00000000,
0x00000000,
0x00000000,
0x00000000,
0x00000000,
0x00000000,
0x00000000,
0x00000000,
0x00000000,
0x00000000,
0x00000000,
0x00000000,
0x00000000,
0x00000000,
0x00000000,
0x00000000,
0x00000000,
0x00000000,
0x00000000,
0x00000000,
0x00000000,
0x00000000,
0x00000000,
0x00000000,
0x00000000,
0x00000000,
0x00000000,
0x00000000,
0x00000000,
0x00000000,
0x00000000,
0x00000000,
0x00000000,
0x00000000,
0x00000000,
0x00000000,
0x00000000,
0x00000000,
0x00000000,
0x00000000,
0x00000000,
0x00000000,
0x00000000,
0x00000000,
0x00000000,
0x00000000,
0x00000000,
0x00000000,
0x00000000,
0x00000000,
0x00000000,
0x00000000,
0x00000000,
0x00000000,
0x00000000,
0x00000000,
0x00000000,
0x00000000,
0x00000000,
0x00000000,
0x00000000,
0x00000000,
0x00000000,
0x00000000,
0x00000000,
0x00000000,
0x00000000,
0x00000000,
0x00000000,
0x00000000,
0x00000000,
0x00000000,
0x00000000,
0x00000000,
0x00000000,
0x00000000,
0x00000000,
0x00000000,
0x00000000,
0x00000000,
0x00000000,
0x00000000,
0x00000000,
0x00000000,
0x00000000,
0x00000000,
0x00000000,
0x00000000,
0x00000000,
0x00000000,
0x00000000,
0x00000000,
0x00000000,
0x00000000,
0xFF000000,
0xFF000000,
0xFF000000,
0xFF000000,
0xFF000000,
0xFF000000,
0xFF000000,
0x00000000,
0x00000000,
0x00000000,
0x00000000,
0x00000000,
0x00000000,
0x00000000,
0x00000000,
0x00000000,
0x00000000,
0x00000000,
0x00000000,
0x00000000,
0x00000000,
0x00000000,
0x00000000,
0x00000000,
0x00000000,
0x00000000,
0x00000000,
0x00000000,
0x00000000,
0x00000000,
0xFF000000,
0xFF000000,
0xFF9E4B59,
0xFF611622,
0xFF611622,
0xFF611622,
0xFF3C0114,
0xFF3C0114,
0xFF3C0114,
0xFF000000,
0xFF000000,
0x00000000,
0x00000000,
0x00000000,
0x00000000,
0x00000000,
0x00000000,
0x00000000,
0x00000000,
0x00000000,
0x00000000,
0x00000000,
0x00000000,
0x00000000,
0x00000000,
0x00000000,
0x00000000,
0x00000000,
0x00000000,
0x00000000,
0x00000000,
0xFF000000,
0xFF9E4B59,
0xFF611622,
0xFF611622,
0xFF611622,
0xFF3C0114,
0xFF3C0114,
0xFF3C0114,
0xFF3C0114,
0xFF611622,
0xFF3C0114,
0xFF8B7C63,
0xFF000000,
0x00000000,
0x00000000,
0x00000000,
0x00000000,
0x00000000,
0x00000000,
0x00000000,
0x00000000,
0x00000000,
0x00000000,
0x00000000,
0x00000000,
0x00000000,
0x00000000,
0x00000000,
0x00000000,
0x00000000,
0x00000000,
0xFF000000,
0xFF9E4B59,
0xFF611622,
0xFF611622,
0xFF611622,
0xFF3C0114,
0xFF3C0114,
0xFFAC468D,
0xFF3C0114,
0xFF3C0114,
0xFF3C0114,
0xFF3C0114,
0xFF3C0114,
0xFF000000,
0x00000000,
0x00000000,
0x00000000,
0x00000000,
0x00000000,
0x00000000,
0x00000000,
0x00000000,
0x00000000,
0x00000000,
0x00000000,
0x00000000,
0x00000000,
0x00000000,
0x00000000,
0x00000000,
0x00000000,
0xFF000000,
0xFF9E4B59,
0xFF3C0114,
0xFF3C0114,
0xFF611622,
0xFF3C0114,
0xFF611622,
0xFFAC468D,
0xFFAC468D,
0xFFAC468D,
0xFF3C0114,
0xFF3C0114,
0xFF3C0114,
0xFF3C0114,
0xFFB7AC98,
0xFF000000,
0x00000000,
0x00000000,
0x00000000,
0x00000000,
0x00000000,
0x00000000,
0x00000000,
0x00000000,
0x00000000,
0x00000000,
0x00000000,
0x00000000,
0x00000000,
0x00000000,
0x00000000,
0xFF000000,
0xFF611622,
0xFF3C0114,
0xFF3C0114,
0xFF3C0114,
0xFF611622,
0xFF611622,
0xFF3C0114,
0xFFAC468D,
0xFF78245E,
0xFFC152BA,
0xFF3C0114,
0xFF3C0114,
0xFF3C0114,
0xFF3C0114,
0xFFB7AC98,
0xFF000000,
0x00000000,
0x00000000,
0x00000000,
0x00000000,
0x00000000,
0x00000000,
0x00000000,
0x00000000,
0x00000000,
0x00000000,
0x00000000,
0x00000000,
0x00000000,
0x00000000,
0xFF000000,
0xFF611622,
0xFF3C0114,
0xFF3C0114,
0xFF3C0114,
0xFF611622,
0xFF611622,
0xFF611622,
0xFFAC468D,
0xFFC152BA,
0xFF78245E,
0xFFC152BA,
0xFF78245E,
0xFF3C0114,
0xFF3C0114,
0xFF3C0114,
0xFFFFFFFF,
0xFF000000,
0x00000000,
0x00000000,
0x00000000,
0x00000000,
0x00000000,
0x00000000,
0x00000000,
0x00000000,
0x00000000,
0x00000000,
0x00000000,
0x00000000,
0x00000000,
0x00000000,
0xFF000000,
0xFF3C0114,
0xFF3C0114,
0xFF3C0114,
0xFF611622,
0xFF611622,
0xFF611622,
0xFF3C0114,
0xFFC152BA,
0xFFC152BA,
0xFF3C0114,
0xFFC152BA,
0xFFAC468D,
0xFF3C0114,
0xFF611622,
0xFF3C0114,
0xFFFFFFFF,
0xFF000000,
0x00000000,
0x00000000,
0x00000000,
0x00000000,
0x00000000,
0x00000000,
0x00000000,
0x00000000,
0x00000000,
0x00000000,
0x00000000,
0x00000000,
0x00000000,
0xFF000000,
0xFF3C0114,
0xFF3C0114,
0xFF3C0114,
0xFF611622,
0xFF611622,
0xFF611622,
0xFF3C0114,
0xFFAC468D,
0xFFC152BA,
0xFF3C0114,
0xFF611622,
0xFFAC468D,
0xFFC152BA,
0xFF3C0114,
0xFF3C0114,
0xFF3C0114,
0xFFFFFFFF,
0xFF000000,
0x00000000,
0x00000000,
0x00000000,
0x00000000,
0x00000000,
0x00000000,
0x00000000,
0x00000000,
0x00000000,
0x00000000,
0x00000000,
0x00000000,
0x00000000,
0xFF000000,
0xFF3C0114,
0xFF3C0114,
0xFF3C0114,
0xFFAC468D,
0xFF611622,
0xFF3C0114,
0xFF611622,
0xFFC152BA,
0xFFC152BA,
0xFF611622,
0xFF611622,
0xFFAC468D,
0xFF3C0114,
0xFF3C0114,
0xFF3C0114,
0xFFB7AC98,
0xFFFFFFFF,
0xFF000000,
0x00000000,
0x00000000,
0x00000000,
0x00000000,
0x00000000,
0x00000000,
0x00000000,
0x00000000,
0x00000000,
0x00000000,
0x00000000,
0x00000000,
0x00000000,
0xFF000000,
0xFF3C0114,
0xFF3C0114,
0xFFAC468D,
0xFFC152BA,
0xFF3C0114,
0xFF611622,
0xFFAC468D,
0xFFC152BA,
0xFF3C0114,
0xFF611622,
0xFF3C0114,
0xFF3C0114,
0xFF3C0114,
0xFF611622,
0xFF3C0114,
0xFFFFFFFF,
0xFFFFFFFF,
0xFF000000,
0x00000000,
0x00000000,
0x00000000,
0x00000000,
0x00000000,
0x00000000,
0x00000000,
0x00000000,
0x00000000,
0x00000000,
0x00000000,
0x00000000,
0xFF000000,
0xFF3C0114,
0xFF3C0114,
0xFF3C0114,
0xFFC152BA,
0xFFC152BA,
0xFF3C0114,
0xFF78245E,
0xFFAC468D,
0xFFAC468D,
0xFF611622,
0xFF611622,
0xFF3C0114,
0xFF3C0114,
0xFF3C0114,
0xFF611622,
0xFF3C0114,
0xFFFFFFFF,
0xFF000000,
0x00000000,
0x00000000,
0x00000000,
0x00000000,
0x00000000,
0x00000000,
0x00000000,
0x00000000,
0x00000000,
0x00000000,
0x00000000,
0x00000000,
0x00000000,
0xFF000000,
0xFF3C0114,
0xFF3C0114,
0xFF611622,
0xFFC152BA,
0xFFAC468D,
0xFF3C0114,
0xFFAC468D,
0xFFAC468D,
0xFF611622,
0xFF611622,
0xFF3C0114,
0xFF3C0114,
0xFF3C0114,
0xFF611622,
0xFF3C0114,
0xFFB7AC98,
0xFFFFFFFF,
0xFF000000,
0x00000000,
0x00000000,
0x00000000,
0x00000000,
0x00000000,
0x00000000,
0x00000000,
0x00000000,
0x00000000,
0x00000000,
0x00000000,
0x00000000,
0x00000000,
0xFF000000,
0xFF3C0114,
0xFF3C0114,
0xFF611622,
0xFF78245E,
0xFFAC468D,
0xFF78245E,
0xFFAC468D,
0xFFAC468D,
0xFF611622,
0xFF611622,
0xFF3C0114,
0xFF3C0114,
0xFF611622,
0xFF611622,
0xFF3C0114,
0xFFB7AC98,
0xFFB7AC98,
0xFF000000,
0x00000000,
0x00000000,
0x00000000,
0x00000000,
0x00000000,
0x00000000,
0x00000000,
0x00000000,
0x00000000,
0x00000000,
0x00000000,
0x00000000,
0x00000000,
0xFF000000,
0xFF3C0114,
0xFF3C0114,
0xFF3C0114,
0xFF3C0114,
0xFFAC468D,
0xFFAC468D,
0xFFC152BA,
0xFF611622,
0xFF611622,
0xFF611622,
0xFF611622,
0xFF611622,
0xFF611622,
0xFF3C0114,
0xFFB7AC98,
0xFFFFFFFF,
0xFF000000,
0x00000000,
0x00000000,
0x00000000,
0x00000000,
0x00000000,
0x00000000,
0x00000000,
0x00000000,
0x00000000,
0x00000000,
0x00000000,
0x00000000,
0x00000000,
0x00000000,
0xFF000000,
0xFF3C0114,
0xFF3C0114,
0xFF3C0114,
0xFF611622,
0xFF3C0114,
0xFFAC468D,
0xFFC152BA,
0xFF611622,
0xFF611622,
0xFF611622,
0xFF611622,
0xFF9E4B59,
0xFF3C0114,
0xFFB7AC98,
0xFFFFFFFF,
0xFFB7AC98,
0xFF000000,
0x00000000,
0x00000000,
0x00000000,
0x00000000,
0x00000000,
0x00000000,
0x00000000,
0x00000000,
0x00000000,
0x00000000,
0x00000000,
0x00000000,
0x00000000,
0x00000000,
0xFF000000,
0xFF3C0114,
0xFF611622,
0xFF3C0114,
0xFF3C0114,
0xFF3C0114,
0xFFC152BA,
0xFF611622,
0xFF611622,
0xFF611622,
0xFF611622,
0xFF9E4B59,
0xFF3C0114,
0xFF8B7C63,
0xFFB7AC98,
0xFFB7AC98,
0xFF000000,
0x00000000,
0x00000000,
0x00000000,
0x00000000,
0x00000000,
0x00000000,
0x00000000,
0x00000000,
0x00000000,
0x00000000,
0x00000000,
0x00000000,
0x00000000,
0x00000000,
0x00000000,
0x00000000,
0xFF000000,
0xFF611622,
0xFF611622,
0xFF3C0114,
0xFF3C0114,
0xFF611622,
0xFF611622,
0xFF611622,
0xFF9E4B59,
0xFF3C0114,
0xFF3C0114,
0xFF8B7C63,
0xFF8B7C63,
0xFF8B7C63,
0xFF000000,
0xFF000000,
0xFF000000,
0xFF000000,
0x00000000,
0x00000000,
0x00000000,
0x00000000,
0x00000000,
0x00000000,
0x00000000,
0x00000000,
0x00000000,
0x00000000,
0x00000000,
0x00000000,
0x00000000,
0x00000000,
0xFF000000,
0xFF3C0114,
0xFF3C0114,
0xFF611622,
0xFF611622,
0xFF611622,
0xFF9E4B59,
0xFF9E4B59,
0xFF3C0114,
0xFF3C0114,
0xFF8B7C63,
0xFFB7AC98,
0xFF8B7C63,
0xFF000000,
0xFF000000,
0xFF000000,
0xFF000000,
0xFF000000,
0xFF000000,
0x00000000,
0x00000000,
0x00000000,
0x00000000,
0x00000000,
0x00000000,
0x00000000,
0x00000000,
0x00000000,
0x00000000,
0x00000000,
0x00000000,
0x00000000,
0x00000000,
0xFF000000,
0xFF8B7C63,
0xFF3C0114,
0xFF3C0114,
0xFF3C0114,
0xFF3C0114,
0xFF3C0114,
0xFF8B7C63,
0xFF8B7C63,
0xFF8B7C63,
0xFF000000,
0xFF000000,
0xFF000000,
0xFF000000,
0xFF000000,
0xFF000000,
0x00000000,
0x00000000,
0x00000000,
0x00000000,
0x00000000,
0x00000000,
0x00000000,
0x00000000,
0x00000000,
0x00000000,
0x00000000,
0x00000000,
0x00000000,
0x00000000,
0x00000000,
0x00000000,
0x00000000,
0xFF000000,
0xFF000000,
0xFF8B7C63,
0xFF8B7C63,
0xFF8B7C63,
0xFF8B7C63,
0xFF8B7C63,
0xFF000000,
0xFF000000,
0xFF000000,
0xFF000000,
0xFF000000,
0xFF000000,
0x00000000,
0x00000000,
0x00000000,
0x00000000,
0x00000000,
0x00000000,
0x00000000,
0x00000000,
0x00000000,
0x00000000,
0x00000000,
0x00000000,
0x00000000,
0x00000000,
0x00000000,
0x00000000,
0x00000000,
0x00000000,
0x00000000,
0x00000000,
0x00000000,
0xFF000000,
0xFF000000,
0xFF000000,
0xFF000000,
0xFF000000,
0xFF000000,
0xFF000000,
0x00000000,
0x00000000,
0x00000000,
0x00000000,
0x00000000,
0x00000000,
0x00000000,
0x00000000,
0x00000000,
0x00000000,
0x00000000,
0x00000000,
0x00000000,
0x00000000,
0x00000000,
0x00000000,
0x00000000,
0x00000000,
0x00000000,
0x00000000,
0x00000000,
0x00000000,
0x00000000,
0x00000000,
0x00000000,
0x00000000,
0x00000000,
0x00000000,
0x00000000,
0x00000000,
0x00000000,
0x00000000,
0x00000000,
0x00000000,
0x00000000,
0x00000000,
0x00000000,
0x00000000,
0x00000000,
0x00000000,
0x00000000,
0x00000000,
0x00000000,
0x00000000,
0x00000000,
0x00000000,
0x00000000,
0x00000000,
0x00000000,
0x00000000,
0x00000000,
0x00000000,
0x00000000,
0x00000000,
0x00000000,
0x00000000,
0x00000000,
0x00000000,
0x00000000,
0x00000000,
0x00000000,
0x00000000,
0x00000000,
0x00000000,
0x00000000,
0x00000000,
0x00000000,
0x00000000,
0x00000000,
0x00000000,
0x00000000,
0x00000000,
0x00000000,
0x00000000,
0x00000000,
0x00000000,
0x00000000,
0x00000000,
0x00000000,
0x00000000,
0x00000000,
0x00000000,
0x00000000,
0x00000000,
0x00000000,
0x00000000,
0x00000000,
0x00000000,
0x00000000,
0x00000000,
0x00000000,
0x00000000,
0x00000000,
0x00000000,
0x00000000,
0x00000000,
0x00000000,
0x00000000,
0x00000000,
0x00000000,
0x00000000,
0x00000000,
0x00000000,
0x00000000,
0x00000000,
0x00000000,
0x00000000,
0x00000000,
0x00000000,
0x00000000,
0x00000000,
0x00000000,
0x00000000,
0x00000000,
0x00000000,
0x00000000,
0x00000000,
0x00000000,
0x00000000,
0x00000000,
0x00000000,
0x00000000,
0x00000000,
0x00000000,
0x00000000,
0x00000000,
0x00000000,
0x00000000,
0x00000000,
0x00000000,
0x00000000,
0x00000000,
0x00000000,
0x00000000,
0x00000000,
0x00000000,
0x00000000,
0x00000000,
0x00000000,
0x00000000,
0x00000000,
0x00000000,
0x00000000,
0x00000000,
0x00000000,
0x00000000,
0x00000000,
0x00000000,
0x00000000,
0x00000000,
0x00000000,
0x00000000,
0x00000000,
0x00000000,
0x00000000,
0x00000000,
0x00000000,
0x00000000,
0x00000000,
0x00000000,
0x00000000,
0x00000000,
0x00000000,
0x00000000,
0x00000000,
0x00000000,
0x00000000,
0x00000000,
0x00000000,
0x00000000,
0x00000000,
0x00000000,
0x00000000
};
static const uint32_t sprite_13[1024] = {
    0x00000000,
0x00000000,
0x00000000,
0x00000000,
0x00000000,
0x00000000,
0x00000000,
0x00000000,
0x00000000,
0x00000000,
0x00000000,
0x00000000,
0x00000000,
0x00000000,
0x00000000,
0x00000000,
0x00000000,
0x00000000,
0x00000000,
0x00000000,
0x00000000,
0x00000000,
0x00000000,
0x00000000,
0x00000000,
0x00000000,
0x00000000,
0x00000000,
0x00000000,
0x00000000,
0x00000000,
0x00000000,
0x00000000,
0x00000000,
0x00000000,
0x00000000,
0x00000000,
0x00000000,
0x00000000,
0x00000000,
0x00000000,
0x00000000,
0x00000000,
0x00000000,
0x00000000,
0x00000000,
0x00000000,
0x00000000,
0x00000000,
0x00000000,
0x00000000,
0x00000000,
0x00000000,
0x00000000,
0x00000000,
0x00000000,
0x00000000,
0x00000000,
0x00000000,
0x00000000,
0x00000000,
0x00000000,
0x00000000,
0x00000000,
0x00000000,
0x00000000,
0x00000000,
0x00000000,
0x00000000,
0x00000000,
0x00000000,
0x00000000,
0x00000000,
0x00000000,
0x00000000,
0x00000000,
0x00000000,
0x00000000,
0x00000000,
0x00000000,
0x00000000,
0x00000000,
0x00000000,
0x00000000,
0x00000000,
0x00000000,
0x00000000,
0x00000000,
0x00000000,
0x00000000,
0x00000000,
0x00000000,
0x00000000,
0x00000000,
0x00000000,
0x00000000,
0x00000000,
0x00000000,
0x00000000,
0x00000000,
0x00000000,
0x00000000,
0x00000000,
0x00000000,
0x00000000,
0x00000000,
0x00000000,
0x00000000,
0x00000000,
0x00000000,
0x00000000,
0x00000000,
0x00000000,
0x00000000,
0x00000000,
0x00000000,
0x00000000,
0x00000000,
0x00000000,
0x00000000,
0x00000000,
0x00000000,
0x00000000,
0x00000000,
0x00000000,
0x00000000,
0x00000000,
0x00000000,
0x00000000,
0x00000000,
0x00000000,
0x00000000,
0x00000000,
0x00000000,
0x00000000,
0x00000000,
0x00000000,
0x00000000,
0x00000000,
0x00000000,
0x00000000,
0x00000000,
0x00000000,
0x00000000,
0x00000000,
0x00000000,
0x00000000,
0x00000000,
0x00000000,
0x00000000,
0x00000000,
0x00000000,
0x00000000,
0x00000000,
0x00000000,
0x00000000,
0x00000000,
0x00000000,
0x00000000,
0x00000000,
0x00000000,
0x00000000,
0x00000000,
0x00000000,
0x00000000,
0x00000000,
0x00000000,
0x00000000,
0x00000000,
0x00000000,
0x00000000,
0x00000000,
0x00000000,
0xFF000000,
0xFF000000,
0xFF000000,
0x00000000,
0x00000000,
0x00000000,
0x00000000,
0x00000000,
0x00000000,
0x00000000,
0x00000000,
0x00000000,
0x00000000,
0x00000000,
0x00000000,
0x00000000,
0x00000000,
0x00000000,
0x00000000,
0x00000000,
0x00000000,
0x00000000,
0x00000000,
0x00000000,
0x00000000,
0x00000000,
0x00000000,
0x00000000,
0x00000000,
0x00000000,
0x00000000,
0xFF000000,
0xFF6D5850,
0xFF6D5850,
0xFF3A302D,
0xFF000000,
0xFF000000,
0xFF000000,
0x00000000,
0x00000000,
0x00000000,
0x00000000,
0x00000000,
0x00000000,
0x00000000,
0x00000000,
0x00000000,
0x00000000,
0x00000000,
0x00000000,
0x00000000,
0x00000000,
0x00000000,
0x00000000,
0x00000000,
0x00000000,
0x00000000,
0x00000000,
0x00000000,
0x00000000,
0x00000000,
0x00000000,
0xFF000000,
0xFF6D5850,
0xFF3A302D,
0xFF3A302D,
0xFF3A302D,
0xFF6D5850,
0xFFB0B0B0,
0xFFB0B0B0,
0xFF000000,
0xFF000000,
0xFF000000,
0xFF000000,
0x00000000,
0x00000000,
0x00000000,
0x00000000,
0x00000000,
0x00000000,
0x00000000,
0x00000000,
0x00000000,
0x00000000,
0x00000000,
0x00000000,
0x00000000,
0x00000000,
0x00000000,
0x00000000,
0x00000000,
0x00000000,
0x00000000,
0x00000000,
0xFF000000,
0xFF3A302D,
0xFF1B1B20,
0xFFFFFFFF,
0xFF6D5850,
0xFF6D5850,
0xFF6D5850,
0xFF6D5850,
0xFF6D5850,
0xFFB0B0B0,
0xFFB0B0B0,
0xFFB0B0B0,
0xFF000000,
0xFF000000,
0x00000000,
0x00000000,
0x00000000,
0x00000000,
0x00000000,
0x00000000,
0x00000000,
0x00000000,
0x00000000,
0x00000000,
0x00000000,
0x00000000,
0x00000000,
0x00000000,
0x00000000,
0x00000000,
0x00000000,
0xFF000000,
0xFF6D5850,
0xFF1B1B20,
0xFF877975,
0xFFFFFFFF,
0xFF6D5850,
0xFF6D5850,
0xFF6D5850,
0xFF1B1B20,
0xFF3A302D,
0xFF6D5850,
0xFF3A302D,
0xFF3A302D,
0xFFB0B0B0,
0xFFB0B0B0,
0xFF000000,
0x00000000,
0x00000000,
0x00000000,
0x00000000,
0x00000000,
0x00000000,
0x00000000,
0x00000000,
0x00000000,
0x00000000,
0x00000000,
0x00000000,
0x00000000,
0x00000000,
0x00000000,
0xFF000000,
0xFF6D5850,
0xFF3A302D,
0xFF877975,
0xFFB0B0B0,
0xFFB0B0B0,
0xFF1B1B20,
0xFF1B1B20,
0xFF1B1B20,
0xFFB0B0B0,
0xFFB0B0B0,
0xFFFFFFFF,
0xFF3A302D,
0xFF6D5850,
0xFFB0B0B0,
0xFF6D5850,
0xFF000000,
0x00000000,
0x00000000,
0x00000000,
0x00000000,
0x00000000,
0x00000000,
0x00000000,
0x00000000,
0x00000000,
0x00000000,
0x00000000,
0x00000000,
0x00000000,
0x00000000,
0xFF000000,
0xFFB0B0B0,
0xFF6D5850,
0xFF877975,
0xFFB0B0B0,
0xFF1B1B20,
0xFFB0B0B0,
0xFF877975,
0xFFB0B0B0,
0xFFB0B0B0,
0xFF1B1B20,
0xFFFFFFFF,
0xFF3A302D,
0xFF3A302D,
0xFF6D5850,
0xFF3A302D,
0xFF3A302D,
0xFFB0B0B0,
0xFF000000,
0x00000000,
0x00000000,
0x00000000,
0x00000000,
0x00000000,
0x00000000,
0x00000000,
0x00000000,
0x00000000,
0x00000000,
0x00000000,
0x00000000,
0x00000000,
0xFF000000,
0xFF6D5850,
0xFF6D5850,
0xFFFFFFFF,
0xFF1B1B20,
0xFF1B1B20,
0xFFB0B0B0,
0xFFB0B0B0,
0xFF1B1B20,
0xFF1B1B20,
0xFFB0B0B0,
0xFF877975,
0xFF3A302D,
0xFF6D5850,
0xFF3A302D,
0xFF3A302D,
0xFF3A302D,
0xFF6D5850,
0xFF000000,
0x00000000,
0x00000000,
0x00000000,
0x00000000,
0x00000000,
0x00000000,
0x00000000,
0x00000000,
0x00000000,
0x00000000,
0x00000000,
0x00000000,
0xFF000000,
0xFFB0B0B0,
0xFF6D5850,
0xFFFFFFFF,
0xFF877975,
0xFFB0B0B0,
0xFFB0B0B0,
0xFF877975,
0xFFB0B0B0,
0xFF3A302D,
0xFFB0B0B0,
0xFF877975,
0xFF3A302D,
0xFF6D5850,
0xFFB0B0B0,
0xFF6D5850,
0xFF3A302D,
0xFF3A302D,
0xFF3A302D,
0xFF000000,
0xFF000000,
0x00000000,
0x00000000,
0x00000000,
0x00000000,
0x00000000,
0x00000000,
0x00000000,
0x00000000,
0x00000000,
0x00000000,
0xFF000000,
0xFFB0B0B0,
0xFF6D5850,
0xFFFFFFFF,
0xFFB0B0B0,
0xFF877975,
0xFF1B1B20,
0xFF1B1B20,
0xFF1B1B20,
0xFFFFFFFF,
0xFFB0B0B0,
0xFF877975,
0xFF3A302D,
0xFF6D5850,
0xFFB0B0B0,
0xFF3A302D,
0xFF6D5850,
0xFF3A302D,
0xFF6D5850,
0xFF000000,
0xFF000000,
0xFF000000,
0x00000000,
0x00000000,
0x00000000,
0x00000000,
0x00000000,
0x00000000,
0x00000000,
0x00000000,
0x00000000,
0x00000000,
0xFF000000,
0xFFB0B0B0,
0xFF6D5850,
0xFF3A302D,
0xFF3A302D,
0xFF3A302D,
0xFF1B1B20,
0xFF1B1B20,
0xFF3A302D,
0xFFFFFFFF,
0xFFB0B0B0,
0xFF3A302D,
0xFF3A302D,
0xFFB0B0B0,
0xFFB0B0B0,
0xFF6D5850,
0xFF3A302D,
0xFF3A302D,
0xFF3A302D,
0xFF000000,
0xFF000000,
0x00000000,
0x00000000,
0x00000000,
0x00000000,
0x00000000,
0x00000000,
0x00000000,
0x00000000,
0x00000000,
0x00000000,
0xFF000000,
0xFF1B1B20,
0xFF1B1B20,
0xFF3A302D,
0xFF6D5850,
0xFF6D5850,
0xFF3A302D,
0xFF3A302D,
0xFF3A302D,
0xFF3A302D,
0xFFFFFFFF,
0xFF3A302D,
0xFF3A302D,
0xFF6D5850,
0xFFB0B0B0,
0xFF3A302D,
0xFF6D5850,
0xFF3A302D,
0xFF6D5850,
0xFF000000,
0xFF000000,
0xFF000000,
0x00000000,
0x00000000,
0x00000000,
0x00000000,
0x00000000,
0x00000000,
0x00000000,
0x00000000,
0x00000000,
0x00000000,
0xFF000000,
0xFF3A302D,
0xFF3A302D,
0xFF1B1B20,
0xFF3A302D,
0xFF3A302D,
0xFF6D5850,
0xFF6D5850,
0xFF3A302D,
0xFF3A302D,
0xFF3A302D,
0xFF6D5850,
0xFF6D5850,
0xFFB0B0B0,
0xFF6D5850,
0xFF3A302D,
0xFF6D5850,
0xFF3A302D,
0xFF6D5850,
0xFF000000,
0xFF000000,
0x00000000,
0x00000000,
0x00000000,
0x00000000,
0x00000000,
0x00000000,
0x00000000,
0x00000000,
0x00000000,
0x00000000,
0x00000000,
0xFF000000,
0xFF3A302D,
0xFF1B1B20,
0xFF1B1B20,
0xFF3A302D,
0xFF3A302D,
0xFF3A302D,
0xFF6D5850,
0xFF6D5850,
0xFFB0B0B0,
0xFFB0B0B0,
0xFFB0B0B0,
0xFFB0B0B0,
0xFF6D5850,
0xFF3A302D,
0xFF6D5850,
0xFF6D5850,
0xFF6D5850,
0xFF000000,
0xFF000000,
0xFF000000,
0x00000000,
0x00000000,
0x00000000,
0x00000000,
0x00000000,
0x00000000,
0x00000000,
0x00000000,
0x00000000,
0x00000000,
0xFF000000,
0xFF3A302D,
0xFF1B1B20,
0xFF1B1B20,
0xFF1B1B20,
0xFF1B1B20,
0xFF1B1B20,
0xFF1B1B20,
0xFF3A302D,
0xFF3A302D,
0xFF3A302D,
0xFF6D5850,
0xFFB0B0B0,
0xFF6D5850,
0xFF3A302D,
0xFF3A302D,
0xFF6D5850,
0xFF6D5850,
0xFF3A302D,
0xFF000000,
0xFF000000,
0x00000000,
0x00000000,
0x00000000,
0x00000000,
0x00000000,
0x00000000,
0x00000000,
0x00000000,
0x00000000,
0x00000000,
0x00000000,
0xFF000000,
0xFF3A302D,
0xFF1B1B20,
0xFF3A302D,
0xFF3A302D,
0xFF1B1B20,
0xFF1B1B20,
0xFF1B1B20,
0xFF1B1B20,
0xFF1B1B20,
0xFF1B1B20,
0xFF3A302D,
0xFF3A302D,
0xFFB0B0B0,
0xFF3A302D,
0xFF3A302D,
0xFF6D5850,
0xFF6D5850,
0xFF000000,
0xFF000000,
0xFF000000,
0x00000000,
0x00000000,
0x00000000,
0x00000000,
0x00000000,
0x00000000,
0x00000000,
0x00000000,
0x00000000,
0x00000000,
0x00000000,
0x00000000,
0xFF000000,
0xFF1B1B20,
0xFF3A302D,
0xFF3A302D,
0xFF3A302D,
0xFF1B1B20,
0xFF1B1B20,
0xFF1B1B20,
0xFF1B1B20,
0xFF1B1B20,
0xFF1B1B20,
0xFF1B1B20,
0xFFB0B0B0,
0xFF3A302D,
0xFF6D5850,
0xFF6D5850,
0xFF3A302D,
0xFF000000,
0xFF000000,
0x00000000,
0x00000000,
0x00000000,
0x00000000,
0x00000000,
0x00000000,
0x00000000,
0x00000000,
0x00000000,
0x00000000,
0x00000000,
0x00000000,
0x00000000,
0x00000000,
0xFF000000,
0xFF000000,
0xFF3A302D,
0xFF3A302D,
0xFF3A302D,
0xFF1B1B20,
0xFF1B1B20,
0xFF1B1B20,
0xFF1B1B20,
0xFF1B1B20,
0xFF1B1B20,
0xFF3A302D,
0xFF3A302D,
0xFF3A302D,
0xFF6D5850,
0xFF000000,
0xFF000000,
0xFF000000,
0x00000000,
0x00000000,
0x00000000,
0x00000000,
0x00000000,
0x00000000,
0x00000000,
0x00000000,
0x00000000,
0x00000000,
0x00000000,
0x00000000,
0x00000000,
0x00000000,
0x00000000,
0x00000000,
0xFF000000,
0xFF000000,
0xFF6D5850,
0xFF3A302D,
0xFF3A302D,
0xFF3A302D,
0xFF3A302D,
0xFF1B1B20,
0xFF3A302D,
0xFF3A302D,
0xFF6D5850,
0xFF3A302D,
0xFF3A302D,
0xFF000000,
0xFF000000,
0x00000000,
0x00000000,
0x00000000,
0x00000000,
0x00000000,
0x00000000,
0x00000000,
0x00000000,
0x00000000,
0x00000000,
0x00000000,
0x00000000,
0x00000000,
0x00000000,
0x00000000,
0x00000000,
0x00000000,
0x00000000,
0x00000000,
0xFF000000,
0xFF000000,
0xFF000000,
0xFF6D5850,
0xFF6D5850,
0xFF3A302D,
0xFF3A302D,
0xFF3A302D,
0xFF6D5850,
0xFF6D5850,
0xFF000000,
0xFF000000,
0x00000000,
0x00000000,
0x00000000,
0x00000000,
0x00000000,
0x00000000,
0x00000000,
0x00000000,
0x00000000,
0x00000000,
0x00000000,
0x00000000,
0x00000000,
0x00000000,
0x00000000,
0x00000000,
0x00000000,
0x00000000,
0x00000000,
0x00000000,
0x00000000,
0x00000000,
0x00000000,
0xFF000000,
0xFF000000,
0xFF000000,
0xFF3A302D,
0xFF6D5850,
0xFFB0B0B0,
0xFF000000,
0xFF000000,
0x00000000,
0x00000000,
0x00000000,
0x00000000,
0x00000000,
0x00000000,
0x00000000,
0x00000000,
0x00000000,
0x00000000,
0x00000000,
0x00000000,
0x00000000,
0x00000000,
0x00000000,
0x00000000,
0x00000000,
0x00000000,
0x00000000,
0x00000000,
0x00000000,
0x00000000,
0x00000000,
0x00000000,
0x00000000,
0x00000000,
0x00000000,
0xFF000000,
0xFF000000,
0xFF000000,
0x00000000,
0x00000000,
0x00000000,
0x00000000,
0x00000000,
0x00000000,
0x00000000,
0x00000000,
0x00000000,
0x00000000,
0x00000000,
0x00000000,
0x00000000,
0x00000000,
0x00000000,
0x00000000,
0x00000000,
0x00000000,
0x00000000,
0x00000000,
0x00000000,
0x00000000,
0x00000000,
0x00000000,
0x00000000,
0x00000000,
0x00000000,
0x00000000,
0x00000000,
0x00000000,
0x00000000,
0x00000000,
0x00000000,
0x00000000,
0x00000000,
0x00000000,
0x00000000,
0x00000000,
0x00000000,
0x00000000,
0x00000000,
0x00000000,
0x00000000,
0x00000000,
0x00000000,
0x00000000,
0x00000000,
0x00000000,
0x00000000,
0x00000000,
0x00000000,
0x00000000,
0x00000000,
0x00000000,
0x00000000,
0x00000000,
0x00000000,
0x00000000,
0x00000000,
0x00000000,
0x00000000,
0x00000000,
0x00000000,
0x00000000,
0x00000000,
0x00000000,
0x00000000,
0x00000000,
0x00000000,
0x00000000,
0x00000000,
0x00000000,
0x00000000,
0x00000000,
0x00000000,
0x00000000,
0x00000000,
0x00000000,
0x00000000,
0x00000000,
0x00000000,
0x00000000,
0x00000000,
0x00000000,
0x00000000,
0x00000000,
0x00000000,
0x00000000,
0x00000000,
0x00000000,
0x00000000,
0x00000000,
0x00000000,
0x00000000,
0x00000000,
0x00000000,
0x00000000,
0x00000000,
0x00000000,
0x00000000,
0x00000000,
0x00000000,
0x00000000,
0x00000000,
0x00000000,
0x00000000,
0x00000000,
0x00000000,
0x00000000,
0x00000000,
0x00000000,
0x00000000,
0x00000000,
0x00000000,
0x00000000,
0x00000000,
0x00000000,
0x00000000,
0x00000000,
0x00000000,
0x00000000,
0x00000000,
0x00000000,
0x00000000,
0x00000000,
0x00000000,
0x00000000,
0x00000000,
0x00000000,
0x00000000,
0x00000000,
0x00000000,
0x00000000,
0x00000000,
0x00000000,
0x00000000,
0x00000000,
0x00000000,
0x00000000,
0x00000000,
0x00000000,
0x00000000,
0x00000000,
0x00000000,
0x00000000,
0x00000000,
0x00000000,
0x00000000,
0x00000000,
0x00000000,
0x00000000,
0x00000000,
0x00000000,
0x00000000,
0x00000000,
0x00000000,
0x00000000,
0x00000000,
0x00000000,
0x00000000,
0x00000000,
0x00000000,
0x00000000,
0x00000000,
0x00000000,
0x00000000,
0x00000000,
0x00000000,
0x00000000,
0x00000000,
0x00000000,
0x00000000,
0x00000000
};
static const uint32_t sprite_14[1024] = {
    0x00000000,
0x00000000,
0x00000000,
0x00000000,
0x00000000,
0x00000000,
0x00000000,
0x00000000,
0x00000000,
0x00000000,
0x00000000,
0x00000000,
0x00000000,
0x00000000,
0x00000000,
0x00000000,
0x00000000,
0x00000000,
0x00000000,
0x7F18D8D4,
0x00000000,
0x00000000,
0x00000000,
0x00000000,
0x00000000,
0x00000000,
0x00000000,
0x00000000,
0x00000000,
0x00000000,
0x00000000,
0x00000000,
0x00000000,
0x00000000,
0x00000000,
0x00000000,
0x00000000,
0x00000000,
0x00000000,
0x00000000,
0x00000000,
0x00000000,
0x00000000,
0x00000000,
0x00000000,
0x00000000,
0x00000000,
0x00000000,
0x00000000,
0x00000000,
0x00000000,
0x00000000,
0x00000000,
0x00000000,
0x00000000,
0x00000000,
0x00000000,
0x00000000,
0x00000000,
0x00000000,
0x00000000,
0x00000000,
0x00000000,
0x00000000,
0x00000000,
0x00000000,
0x00000000,
0x00000000,
0x00000000,
0x00000000,
0x00000000,
0x00000000,
0x00000000,
0x00000000,
0x00000000,
0x00000000,
0x7F18D8D4,
0x00000000,
0x00000000,
0x00000000,
0x00000000,
0x00000000,
0x00000000,
0x00000000,
0x00000000,
0x00000000,
0x00000000,
0x7F18D8D4,
0x00000000,
0x00000000,
0x00000000,
0x00000000,
0x00000000,
0x7F18D8D4,
0x00000000,
0x00000000,
0x00000000,
0x00000000,
0x00000000,
0x00000000,
0x00000000,
0x00000000,
0x00000000,
0x00000000,
0x00000000,
0x00000000,
0x00000000,
0x00000000,
0x00000000,
0x00000000,
0x00000000,
0x00000000,
0xFF18D8D5,
0x00000000,
0x00000000,
0x00000000,
0xFF18D8D5,
0x00000000,
0x7F18D8D4,
0x7F18D8D4,
0xFF18D8D5,
0x00000000,
0x7F18D8D4,
0x00000000,
0x00000000,
0x00000000,
0x00000000,
0x00000000,
0x00000000,
0x00000000,
0x00000000,
0x00000000,
0x00000000,
0x00000000,
0x00000000,
0x00000000,
0x00000000,
0x00000000,
0x00000000,
0x00000000,
0x00000000,
0xFF18D8D5,
0x7F18D8D4,
0x00000000,
0x00000000,
0x00000000,
0x00000000,
0x7F18D8D4,
0xFF18D8D5,
0x7F18D8D4,
0xFF18D8D5,
0x7F18D8D4,
0x00000000,
0x00000000,
0x00000000,
0x00000000,
0x00000000,
0x00000000,
0x00000000,
0x00000000,
0x00000000,
0x00000000,
0x00000000,
0x00000000,
0x00000000,
0x00000000,
0x00000000,
0x00000000,
0x00000000,
0x7F18D8D4,
0x00000000,
0x00000000,
0x7F18D8D4,
0xFF18D8D5,
0x7F18D8D4,
0xFF18D8D5,
0x00000000,
0x7F18D8D4,
0x00000000,
0x7F18D8D4,
0xFF18D8D5,
0xFF18D8D5,
0xFF18D8D5,
0xFF18D8D5,
0xFF18D8D5,
0x00000000,
0x00000000,
0x00000000,
0x00000000,
0x00000000,
0x00000000,
0x00000000,
0x00000000,
0x00000000,
0x00000000,
0x00000000,
0x00000000,
0x00000000,
0x00000000,
0x00000000,
0x7F18D8D4,
0x7F18D8D4,
0xFF18D8D5,
0x7F18D8D4,
0xFF18D8D5,
0xFF18D8D5,
0xFF18D8D5,
0x7F18D8D4,
0x7F18D8D4,
0xFF18D8D5,
0x00000000,
0xFF18D8D5,
0xFF000000,
0xFF000000,
0xFF000000,
0xFF000000,
0xFF18D8D5,
0x7F18D8D4,
0x00000000,
0xFF18D8D5,
0x00000000,
0x00000000,
0x00000000,
0x00000000,
0x00000000,
0x00000000,
0x00000000,
0x00000000,
0x00000000,
0x00000000,
0x00000000,
0x00000000,
0x00000000,
0xFF18D8D5,
0xFF18D8D5,
0xFF18D8D5,
0xFF18D8D5,
0xFF000000,
0xFF000000,
0xFF18D8D5,
0xFF18D8D5,
0x7F18D8D4,
0xFF18D8D5,
0xFF000000,
0xFF46C28F,
0xFF46C28F,
0xFF12934B,
0xFF000000,
0xFF18D8D5,
0xFF18D8D5,
0x00000000,
0x00000000,
0x00000000,
0x00000000,
0x00000000,
0x00000000,
0x00000000,
0x00000000,
0x00000000,
0x00000000,
0x00000000,
0x00000000,
0x00000000,
0xFF18D8D5,
0x7F18D8D4,
0xFF18D8D5,
0xFF000000,
0xFF000000,
0xFF000000,
0xFF46C28F,
0xFF46C28F,
0xFF000000,
0xFF18D8D5,
0xFF18D8D5,
0xFF18D8D5,
0xFF000000,
0xFF46C28F,
0xFF336503,
0xFF12934B,
0xFF000000,
0xFF18D8D5,
0xFF18D8D5,
0x7F18D8D4,
0x00000000,
0x00000000,
0x00000000,
0x7F18D8D4,
0x00000000,
0x00000000,
0x00000000,
0x00000000,
0x00000000,
0x00000000,
0x00000000,
0x00000000,
0x00000000,
0x7F18D8D4,
0xFF18D8D5,
0xFF000000,
0xFF46C28F,
0xFF46C28F,
0xFF336503,
0xFF336503,
0xFF46C28F,
0xFF000000,
0xFF18D8D5,
0xFF000000,
0xFF46C28F,
0xFF336503,
0xFF46C28F,
0xFF336503,
0xFF000000,
0xFF18D8D5,
0x7F18D8D4,
0x00000000,
0x00000000,
0x00000000,
0x00000000,
0x00000000,
0x00000000,
0x00000000,
0x00000000,
0x00000000,
0x00000000,
0x00000000,
0xFF18D8D5,
0x00000000,
0x00000000,
0xFF18D8D5,
0xFF18D8D5,
0xFF000000,
0xFF46C28F,
0xFF336503,
0xFF46C28F,
0xFF336503,
0xFF12934B,
0xFF12934B,
0xFF000000,
0xFF46C28F,
0xFF12934B,
0xFF12934B,
0xFF12934B,
0xFF336503,
0xFF000000,
0xFF18D8D5,
0x00000000,
0x00000000,
0x00000000,
0x00000000,
0x00000000,
0x00000000,
0x00000000,
0x00000000,
0x00000000,
0x00000000,
0x00000000,
0x00000000,
0x00000000,
0x00000000,
0x7F18D8D4,
0x7F18D8D4,
0xFF18D8D5,
0xFF000000,
0xFF46C28F,
0xFF336503,
0xFF12934B,
0xFF46C28F,
0xFFA6F8F7,
0xFF18D8D5,
0xFF12934B,
0xFF12934B,
0xFF46C28F,
0xFF12934B,
0xFF336503,
0xFF000000,
0xFF18D8D5,
0x7F18D8D4,
0xFF18D8D5,
0x7F18D8D4,
0x00000000,
0xFF18D8D5,
0x00000000,
0x00000000,
0x00000000,
0x00000000,
0x00000000,
0x00000000,
0x00000000,
0x00000000,
0x7F18D8D4,
0xFF18D8D5,
0xFF18D8D5,
0xFF18D8D5,
0xFF18D8D5,
0xFF000000,
0xFF336503,
0xFF12934B,
0xFF12934B,
0xFF12934B,
0xFF12934B,
0xFF18D8D5,
0xFFA6F8F7,
0xFFA6F8F7,
0xFF12934B,
0xFF12934B,
0xFF336503,
0xFF000000,
0xFF18D8D5,
0xFF18D8D5,
0x7F18D8D4,
0x7F18D8D4,
0x00000000,
0x00000000,
0x00000000,
0x00000000,
0x00000000,
0x00000000,
0x00000000,
0x00000000,
0x00000000,
0x00000000,
0x00000000,
0xFF18D8D5,
0xFF000000,
0xFF000000,
0xFF000000,
0xFF000000,
0xFF336503,
0xFF336503,
0xFF12934B,
0xFF12934B,
0xFF18D8D5,
0xFF18D8D5,
0xFFA6F8F7,
0xFF18D8D5,
0xFF18D8D5,
0xFF336503,
0xFF12934B,
0xFF12934B,
0xFF000000,
0xFF000000,
0xFF18D8D5,
0x7F18D8D4,
0xFF18D8D5,
0x00000000,
0x00000000,
0x00000000,
0x00000000,
0x00000000,
0x00000000,
0x00000000,
0x00000000,
0x00000000,
0x00000000,
0x7F18D8D4,
0xFF000000,
0xFF46C28F,
0xFF46C28F,
0xFF46C28F,
0xFF336503,
0xFF12934B,
0xFF336503,
0xFF12934B,
0xFF18D8D5,
0xFFA6F8F7,
0xFF12934B,
0xFF12934B,
0xFF2BDAA7,
0xFF18D8D5,
0xFF336503,
0xFF12934B,
0xFF12934B,
0xFF12934B,
0xFF000000,
0xFF18D8D5,
0xFF18D8D5,
0x7F18D8D4,
0x00000000,
0x00000000,
0x00000000,
0x00000000,
0x00000000,
0x00000000,
0x00000000,
0x00000000,
0x00000000,
0xFF18D8D5,
0xFF000000,
0xFF46C28F,
0xFF336503,
0xFF12934B,
0xFF46C28F,
0xFF336503,
0xFF336503,
0xFF12934B,
0xFF2BDAA7,
0xFF12934B,
0xFF12934B,
0xFF336503,
0xFF18D8D5,
0xFFA6F8F7,
0xFFA6F8F7,
0xFF12934B,
0xFF46C28F,
0xFF12934B,
0xFF12934B,
0xFF000000,
0xFF18D8D5,
0x00000000,
0x00000000,
0x00000000,
0x00000000,
0x00000000,
0x00000000,
0x00000000,
0x00000000,
0x00000000,
0x7F18D8D4,
0xFF18D8D5,
0xFF000000,
0xFF12934B,
0xFF46C28F,
0xFF12934B,
0xFF12934B,
0xFF12934B,
0xFF12934B,
0xFF18D8D5,
0xFF2BDAA7,
0xFF12934B,
0xFF18D8D5,
0xFFA6F8F7,
0xFFA6F8F7,
0xFFA6F8F7,
0xFF18D8D5,
0xFF18D8D5,
0xFF12934B,
0xFF336503,
0xFF336503,
0xFF336503,
0xFF000000,
0xFF18D8D5,
0x00000000,
0x00000000,
0x00000000,
0x00000000,
0x00000000,
0x00000000,
0x00000000,
0x00000000,
0x00000000,
0x7F18D8D4,
0xFF000000,
0xFF336503,
0xFF46C28F,
0xFF46C28F,
0xFF46C28F,
0xFF12934B,
0xFF18D8D5,
0xFF18D8D5,
0xFF18D8D5,
0xFF18D8D5,
0xFFA6F8F7,
0xFFA6F8F7,
0xFF12934B,
0xFF12934B,
0xFF12934B,
0xFF336503,
0xFF336503,
0xFF336503,
0xFF694134,
0xFF000000,
0xFF18D8D5,
0x00000000,
0x00000000,
0x00000000,
0x00000000,
0x00000000,
0x00000000,
0x00000000,
0x00000000,
0x00000000,
0xFF18D8D5,
0xFF000000,
0xFF46C28F,
0xFF46C28F,
0xFF12934B,
0xFF12934B,
0xFF12934B,
0xFF18D8D5,
0xFFA6F8F7,
0xFFA6F8F7,
0xFF18D8D5,
0xFF12934B,
0xFF12934B,
0xFF336503,
0xFF12934B,
0xFF336503,
0xFF336503,
0xFF336503,
0xFF694134,
0xFF694134,
0xFF000000,
0xFF18D8D5,
0x7F18D8D4,
0x00000000,
0xFF18D8D5,
0x00000000,
0x00000000,
0x00000000,
0x00000000,
0x00000000,
0x00000000,
0xFF18D8D5,
0xFF000000,
0xFF46C28F,
0xFF12934B,
0xFF336503,
0xFF336503,
0xFF336503,
0xFF336503,
0xFF694134,
0xFF18D8D5,
0xFFA6F8F7,
0xFF12934B,
0xFF12934B,
0xFF46C28F,
0xFF12934B,
0xFF12934B,
0xFF12934B,
0xFF694134,
0xFF694134,
0xFF000000,
0xFF000000,
0xFF18D8D5,
0x00000000,
0x00000000,
0x00000000,
0x00000000,
0x00000000,
0x00000000,
0x00000000,
0x00000000,
0x00000000,
0x00000000,
0x00000000,
0x00000000,
0xFF000000,
0xFF46C28F,
0xFF336503,
0xFF694134,
0xFF694134,
0xFF694134,
0xFF336503,
0xFF18D8D5,
0xFF18D8D5,
0xFF46C28F,
0xFF12934B,
0xFF336503,
0xFF46C28F,
0xFF12934B,
0xFF336503,
0xFF336503,
0xFF000000,
0xFF18D8D5,
0xFF000000,
0x00000000,
0x00000000,
0x00000000,
0x00000000,
0x00000000,
0x00000000,
0x00000000,
0x00000000,
0x00000000,
0x00000000,
0x00000000,
0x00000000,
0x00000000,
0xFF18D8D5,
0xFF000000,
0xFF000000,
0xFF12934B,
0xFF694134,
0xFF336503,
0xFF12934B,
0xFF2BDAA7,
0xFF18D8D5,
0xFF12934B,
0xFF336503,
0xFF336503,
0xFF12934B,
0xFF12934B,
0xFF336503,
0xFF336503,
0xFF000000,
0xFF000000,
0xFF000000,
0xFF000000,
0xFF000000,
0xFF000000,
0x00000000,
0x00000000,
0x00000000,
0x00000000,
0x00000000,
0x00000000,
0x00000000,
0x00000000,
0x00000000,
0x00000000,
0x00000000,
0x00000000,
0x00000000,
0xFF000000,
0xFF12934B,
0xFF46C28F,
0xFFA6F8F7,
0xFF18D8D5,
0xFF18D8D5,
0xFF18D8D5,
0xFF694134,
0xFF336503,
0xFF694134,
0xFF694134,
0xFF46C28F,
0xFF336503,
0xFF336503,
0xFF000000,
0xFF000000,
0xFF000000,
0xFF000000,
0x00000000,
0x00000000,
0x00000000,
0x00000000,
0x00000000,
0x00000000,
0x00000000,
0x00000000,
0x00000000,
0x00000000,
0x00000000,
0x00000000,
0x00000000,
0xFF000000,
0xFF000000,
0xFF12934B,
0xFF12934B,
0xFF12934B,
0xFF18D8D5,
0xFF12934B,
0xFF694134,
0xFF694134,
0xFF694134,
0xFF694134,
0xFF694134,
0xFF336503,
0xFF12934B,
0xFF336503,
0xFF12934B,
0xFF000000,
0xFF000000,
0x00000000,
0x00000000,
0x00000000,
0x00000000,
0x00000000,
0x00000000,
0x00000000,
0x00000000,
0x00000000,
0x00000000,
0x00000000,
0x00000000,
0x00000000,
0x00000000,
0x00000000,
0xFF000000,
0xFF000000,
0xFF000000,
0xFF46C28F,
0xFF12934B,
0xFF12934B,
0xFF336503,
0xFF694134,
0xFF336503,
0xFF000000,
0xFF000000,
0xFF694134,
0xFF336503,
0xFF336503,
0xFF000000,
0xFF000000,
0xFF000000,
0x00000000,
0x00000000,
0x00000000,
0x00000000,
0x00000000,
0x00000000,
0x00000000,
0x00000000,
0x00000000,
0x00000000,
0x00000000,
0x00000000,
0x00000000,
0x00000000,
0x00000000,
0x00000000,
0x00000000,
0xFF000000,
0xFF46C28F,
0xFF12934B,
0xFF336503,
0xFF694134,
0xFF000000,
0xFF000000,
0xFF000000,
0xFF000000,
0xFF000000,
0xFF336503,
0xFF000000,
0xFF000000,
0x00000000,
0x00000000,
0x00000000,
0x00000000,
0x00000000,
0x00000000,
0x00000000,
0x00000000,
0x00000000,
0x00000000,
0x00000000,
0x00000000,
0x00000000,
0x00000000,
0x00000000,
0x00000000,
0x00000000,
0x00000000,
0x00000000,
0xFF000000,
0xFF12934B,
0xFF336503,
0xFF694134,
0xFF000000,
0xFF000000,
0xFF000000,
0x00000000,
0x00000000,
0x00000000,
0xFF000000,
0xFF000000,
0x00000000,
0x00000000,
0x00000000,
0x00000000,
0x00000000,
0x00000000,
0x00000000,
0x00000000,
0x00000000,
0x00000000,
0x00000000,
0x00000000,
0x00000000,
0x00000000,
0x00000000,
0x00000000,
0x00000000,
0x00000000,
0x00000000,
0x00000000,
0xFF000000,
0xFF000000,
0xFF000000,
0xFF000000,
0x00000000,
0x00000000,
0x00000000,
0x00000000,
0x00000000,
0x00000000,
0x00000000,
0x00000000,
0x00000000,
0x00000000,
0x00000000,
0x00000000,
0x00000000,
0x00000000,
0x00000000,
0x00000000,
0x00000000,
0x00000000,
0x00000000,
0x00000000,
0x00000000,
0x00000000,
0x00000000,
0x00000000,
0x00000000,
0x00000000,
0x00000000,
0x00000000,
0x00000000,
0x00000000,
0x00000000,
0x00000000,
0x00000000,
0x00000000,
0x00000000,
0x00000000,
0x00000000,
0x00000000,
0x00000000,
0x00000000,
0x00000000,
0x00000000,
0x00000000,
0x00000000,
0x00000000,
0x00000000,
0x00000000,
0x00000000,
0x00000000,
0x00000000,
0x00000000,
0x00000000,
0x00000000,
0x00000000,
0x00000000,
0x00000000,
0x00000000,
0x00000000,
0x00000000,
0x00000000,
0x00000000,
0x00000000,
0x00000000,
0x00000000,
0x00000000,
0x00000000,
0x00000000,
0x00000000,
0x00000000,
0x00000000,
0x00000000,
0x00000000,
0x00000000,
0x00000000,
0x00000000,
0x00000000,
0x00000000,
0x00000000,
0x00000000,
0x00000000,
0x00000000,
0x00000000,
0x00000000,
0x00000000,
0x00000000,
0x00000000,
0x00000000,
0x00000000,
0x00000000,
0x00000000,
0x00000000,
0x00000000,
0x00000000,
0x00000000,
0x00000000,
0x00000000,
0x00000000,
0x00000000,
0x00000000,
0x00000000,
0x00000000,
0x00000000,
0x00000000,
0x00000000,
0x00000000,
0x00000000,
0x00000000,
0x00000000,
0x00000000,
0x00000000,
0x00000000,
0x00000000,
0x00000000,
0x00000000,
0x00000000,
0x00000000,
0x00000000,
0x00000000,
0x00000000,
0x00000000,
0x00000000,
0x00000000,
0x00000000,
0x00000000,
0x00000000,
0x00000000,
0x00000000,
0x00000000,
0x00000000,
0x00000000,
0x00000000,
0x00000000,
0x00000000,
0x00000000,
0x00000000,
0x00000000,
0x00000000,
0x00000000,
0x00000000,
0x00000000,
0x00000000,
0x00000000,
0x00000000,
0x00000000,
0x00000000
};
static const uint32_t sprite_15[1024] = {
    0x00000000,
0x00000000,
0x00000000,
0x00000000,
0x00000000,
0x00000000,
0x00000000,
0x00000000,
0x00000000,
0x00000000,
0xFF16AEFE,
0x00000000,
0x00000000,
0x00000000,
0x00000000,
0x00000000,
0xFF0030E3,
0x00000000,
0x00000000,
0x00000000,
0x00000000,
0x00000000,
0xFF0768FF,
0x00000000,
0x00000000,
0x00000000,
0x00000000,
0x00000000,
0x00000000,
0x00000000,
0x00000000,
0x00000000,
0x00000000,
0x00000000,
0x00000000,
0x00000000,
0x00000000,
0x00000000,
0x00000000,
0x00000000,
0xFF0030E3,
0x00000000,
0x00000000,
0x00000000,
0xFF0768FF,
0xFF0030E3,
0x00000000,
0x00000000,
0x00000000,
0xFF0768FF,
0x00000000,
0xFF0768FF,
0xFF16AEFE,
0xFF16AEFE,
0xFF0768FF,
0xFF0030E3,
0x00000000,
0x00000000,
0x00000000,
0x00000000,
0x00000000,
0x00000000,
0x00000000,
0x00000000,
0x00000000,
0x00000000,
0x00000000,
0x00000000,
0x00000000,
0x00000000,
0xFF0030E3,
0x00000000,
0xFF0768FF,
0x00000000,
0x00000000,
0x00000000,
0x00000000,
0xFF16AEFE,
0xFF0768FF,
0x00000000,
0xFF0768FF,
0xFF16AEFE,
0xFF0768FF,
0xFF000000,
0xFF000000,
0xFF000000,
0xFF000000,
0xFF0768FF,
0x00000000,
0x00000000,
0x00000000,
0x00000000,
0x00000000,
0x00000000,
0x00000000,
0x00000000,
0x00000000,
0x00000000,
0xFF0030E3,
0x00000000,
0x00000000,
0x00000000,
0xFF0768FF,
0xFF0030E3,
0xFF0768FF,
0x00000000,
0x00000000,
0xFF0768FF,
0x00000000,
0xFF0768FF,
0xFF16AEFE,
0xFF16AEFE,
0xFF000000,
0xFF000000,
0xFF000000,
0xFF0768FF,
0xFF16AEFE,
0xFF0768FF,
0xFF000000,
0xFF16AEFE,
0x00000000,
0x00000000,
0x00000000,
0x00000000,
0x00000000,
0x00000000,
0x00000000,
0x00000000,
0x00000000,
0x00000000,
0x00000000,
0x00000000,
0x00000000,
0x00000000,
0x00000000,
0xFF16AEFE,
0xFF0768FF,
0xFF0030E3,
0xFF0768FF,
0xFF16AEFE,
0xFF0768FF,
0xFF000000,
0xFF000000,
0xFF000000,
0xFF16AEFE,
0xFF16AEFE,
0xFF0768FF,
0xFF000381,
0xFF00024B,
0xFF00024B,
0xFF000000,
0xFF16AEFE,
0xFF0768FF,
0x00000000,
0x00000000,
0x00000000,
0x00000000,
0x00000000,
0x00000000,
0x00000000,
0x00000000,
0x00000000,
0x00000000,
0x00000000,
0xFF0768FF,
0x00000000,
0x00000000,
0xFF0768FF,
0xFF16AEFE,
0xFF0768FF,
0xFF16AEFE,
0xFF000000,
0xFF000000,
0xFF0768FF,
0xFF16AEFE,
0xFF0768FF,
0xFF000381,
0xFF000381,
0xFF000381,
0xFF000381,
0xFF00024B,
0xFF00024B,
0xFF000000,
0xFF0768FF,
0x00000000,
0x00000000,
0x00000000,
0x00000000,
0x00000000,
0x00000000,
0x00000000,
0x00000000,
0x00000000,
0x00000000,
0x00000000,
0x00000000,
0xFF0030E3,
0xFF0768FF,
0xFF0768FF,
0xFF0768FF,
0xFF16AEFE,
0xFF000000,
0xFF000000,
0xFF16AEFE,
0xFF0768FF,
0xFF00024B,
0xFF000381,
0xFF000381,
0xFF000381,
0xFF00024B,
0xFF0768FF,
0xFF000381,
0xFF00024B,
0xFF00024B,
0xFF000000,
0xFF0030E3,
0x00000000,
0x00000000,
0x00000000,
0x00000000,
0x00000000,
0x00000000,
0x00000000,
0x00000000,
0x00000000,
0x00000000,
0x00000000,
0x00000000,
0xFF0768FF,
0xFF16AEFE,
0xFF16AEFE,
0xFF16AEFE,
0xFF000000,
0xFF0768FF,
0xFF0768FF,
0xFF00024B,
0xFF00024B,
0xFF00024B,
0xFF16AEFE,
0xFF000381,
0xFF000381,
0xFF00024B,
0xFF16AEFE,
0xFF0768FF,
0xFF00024B,
0xFF00024B,
0xFF000000,
0x00000000,
0x00000000,
0x00000000,
0x00000000,
0x00000000,
0x00000000,
0x00000000,
0x00000000,
0x00000000,
0x00000000,
0x00000000,
0x00000000,
0x00000000,
0x00000000,
0xFF0768FF,
0xFF16AEFE,
0xFF000000,
0xFF0768FF,
0xFF00024B,
0xFF00024B,
0xFF00024B,
0xFF0768FF,
0xFF16AEFE,
0xFF0768FF,
0xFF000381,
0xFF000381,
0xFF00024B,
0xFF16AEFE,
0xFF16AEFE,
0xFF16AEFE,
0xFF00024B,
0xFF000000,
0x00000000,
0x00000000,
0x00000000,
0x00000000,
0x00000000,
0x00000000,
0x00000000,
0x00000000,
0x00000000,
0x00000000,
0x00000000,
0x00000000,
0x00000000,
0x00000000,
0xFF0030E3,
0xFF0768FF,
0xFF000000,
0xFF00024B,
0xFF00024B,
0xFF16AEFE,
0xFF16AEFE,
0xFF16AEFE,
0xFF0768FF,
0xFF00024B,
0xFF000381,
0xFF000381,
0xFF16AEFE,
0xFF16AEFE,
0xFF000381,
0xFF00024B,
0xFF00024B,
0xFF000000,
0xFF0768FF,
0x00000000,
0x00000000,
0x00000000,
0x00000000,
0x00000000,
0x00000000,
0x00000000,
0x00000000,
0x00000000,
0x00000000,
0x00000000,
0x00000000,
0x00000000,
0x00000000,
0xFF0030E3,
0xFF16AEFE,
0xFF000000,
0xFF00024B,
0xFF00024B,
0xFF16AEFE,
0xFF16AEFE,
0xFF0768FF,
0xFF00024B,
0xFF00024B,
0xFF0768FF,
0xFF16AEFE,
0xFF00024B,
0xFF000381,
0xFF00024B,
0xFF00024B,
0xFF000000,
0xFF0030E3,
0x00000000,
0x00000000,
0x00000000,
0x00000000,
0x00000000,
0x00000000,
0x00000000,
0x00000000,
0x00000000,
0x00000000,
0x00000000,
0x00000000,
0xFF0768FF,
0x00000000,
0x00000000,
0xFF0768FF,
0xFF000000,
0xFF00024B,
0xFF00024B,
0xFF0768FF,
0xFF16AEFE,
0xFF0768FF,
0xFF00024B,
0xFF0768FF,
0xFF16AEFE,
0xFF000381,
0xFF00024B,
0xFF000381,
0xFF00024B,
0xFF00024B,
0xFF000000,
0x00000000,
0x00000000,
0x00000000,
0x00000000,
0x00000000,
0x00000000,
0x00000000,
0x00000000,
0x00000000,
0x00000000,
0x00000000,
0x00000000,
0x00000000,
0x00000000,
0x00000000,
0xFF0768FF,
0xFF16AEFE,
0xFF000000,
0xFF00024B,
0xFF00024B,
0xFF00024B,
0xFF16AEFE,
0xFF16AEFE,
0xFF0768FF,
0xFF16AEFE,
0xFF000381,
0xFF000381,
0xFF00024B,
0xFF000381,
0xFF00024B,
0xFF00024B,
0xFF000000,
0x00000000,
0x00000000,
0x00000000,
0x00000000,
0x00000000,
0x00000000,
0x00000000,
0x00000000,
0x00000000,
0x00000000,
0x00000000,
0x00000000,
0x00000000,
0x00000000,
0x00000000,
0x00000000,
0xFF0768FF,
0xFF16AEFE,
0xFF000000,
0xFF00024B,
0xFF00024B,
0xFF16AEFE,
0xFF16AEFE,
0xFF16AEFE,
0xFF00024B,
0xFF000381,
0xFF000381,
0xFF00024B,
0xFF00024B,
0xFF00024B,
0xFF00024B,
0xFF000000,
0xFF0030E3,
0x00000000,
0x00000000,
0x00000000,
0x00000000,
0x00000000,
0x00000000,
0x00000000,
0x00000000,
0x00000000,
0x00000000,
0x00000000,
0x00000000,
0x00000000,
0x00000000,
0x00000000,
0xFF0030E3,
0xFF16AEFE,
0xFF000000,
0xFF00024B,
0xFF00024B,
0xFF0768FF,
0xFF16AEFE,
0xFF0768FF,
0xFF00024B,
0xFF000381,
0xFF16AEFE,
0xFF0768FF,
0xFF00024B,
0xFF00024B,
0xFF00024B,
0xFF000000,
0x00000000,
0x00000000,
0x00000000,
0x00000000,
0x00000000,
0x00000000,
0x00000000,
0x00000000,
0x00000000,
0x00000000,
0x00000000,
0x00000000,
0x00000000,
0x00000000,
0x00000000,
0x00000000,
0x00000000,
0xFF0768FF,
0xFF000000,
0xFF00024B,
0xFF00024B,
0xFF00024B,
0xFF16AEFE,
0xFF0768FF,
0xFF00024B,
0xFF000381,
0xFF16AEFE,
0xFF16AEFE,
0xFF16AEFE,
0xFF00024B,
0xFF00024B,
0xFF000000,
0x00000000,
0x00000000,
0x00000000,
0x00000000,
0x00000000,
0x00000000,
0x00000000,
0x00000000,
0x00000000,
0x00000000,
0x00000000,
0x00000000,
0x00000000,
0x00000000,
0x00000000,
0x00000000,
0x00000000,
0x00000000,
0xFF0768FF,
0xFF000000,
0xFF00024B,
0xFF00024B,
0xFF16AEFE,
0xFF16AEFE,
0xFF00024B,
0xFF16AEFE,
0xFF16AEFE,
0xFF00024B,
0xFF00024B,
0xFF00024B,
0xFF00024B,
0xFF000000,
0x00000000,
0x00000000,
0x00000000,
0x00000000,
0x00000000,
0x00000000,
0x00000000,
0x00000000,
0x00000000,
0x00000000,
0x00000000,
0x00000000,
0x00000000,
0x00000000,
0x00000000,
0x00000000,
0x00000000,
0xFF0768FF,
0xFF0030E3,
0xFF000000,
0xFF00024B,
0xFF00024B,
0xFF16AEFE,
0xFF16AEFE,
0xFF16AEFE,
0xFF16AEFE,
0xFF000381,
0xFF00024B,
0xFF00024B,
0xFF00024B,
0xFF00024B,
0xFF000000,
0x00000000,
0x00000000,
0x00000000,
0x00000000,
0x00000000,
0x00000000,
0x00000000,
0x00000000,
0x00000000,
0x00000000,
0x00000000,
0x00000000,
0x00000000,
0x00000000,
0x00000000,
0x00000000,
0x00000000,
0x00000000,
0xFF0768FF,
0xFF000000,
0xFF000381,
0xFF00024B,
0xFF0768FF,
0xFF16AEFE,
0xFF16AEFE,
0xFF000381,
0xFF000381,
0xFF00024B,
0xFF00024B,
0xFF00024B,
0xFF00024B,
0xFF00024B,
0xFF000000,
0x00000000,
0x00000000,
0x00000000,
0x00000000,
0x00000000,
0x00000000,
0x00000000,
0x00000000,
0x00000000,
0x00000000,
0x00000000,
0x00000000,
0x00000000,
0x00000000,
0x00000000,
0x00000000,
0x00000000,
0x00000000,
0xFF000000,
0xFF000381,
0xFF00024B,
0xFF00024B,
0xFF16AEFE,
0xFF00024B,
0xFF000381,
0xFF000381,
0xFF000381,
0xFF00024B,
0xFF00024B,
0xFF00024B,
0xFF00024B,
0xFF000000,
0x00000000,
0x00000000,
0x00000000,
0x00000000,
0x00000000,
0x00000000,
0x00000000,
0x00000000,
0x00000000,
0x00000000,
0x00000000,
0x00000000,
0x00000000,
0x00000000,
0x00000000,
0x00000000,
0x00000000,
0x00000000,
0xFF0030E3,
0xFF000000,
0xFF00024B,
0xFF00024B,
0xFF16AEFE,
0xFF0768FF,
0xFF000381,
0xFF000381,
0xFF000381,
0xFF00024B,
0xFF00024B,
0xFF00024B,
0xFF00024B,
0xFF000000,
0x00000000,
0x00000000,
0x00000000,
0x00000000,
0x00000000,
0x00000000,
0x00000000,
0x00000000,
0x00000000,
0x00000000,
0x00000000,
0x00000000,
0x00000000,
0x00000000,
0x00000000,
0x00000000,
0x00000000,
0x00000000,
0xFF0030E3,
0xFF000000,
0xFF000381,
0xFF00024B,
0xFF0768FF,
0xFF16AEFE,
0xFF00024B,
0xFF000381,
0xFF000381,
0xFF00024B,
0xFF000381,
0xFF00024B,
0xFF00024B,
0xFF000000,
0xFF000000,
0xFF000000,
0x00000000,
0x00000000,
0x00000000,
0x00000000,
0x00000000,
0x00000000,
0x00000000,
0x00000000,
0x00000000,
0x00000000,
0x00000000,
0x00000000,
0x00000000,
0x00000000,
0x00000000,
0x00000000,
0x00000000,
0xFF000000,
0xFF000381,
0xFF00024B,
0xFF00024B,
0xFF16AEFE,
0xFF0768FF,
0xFF000381,
0xFF000381,
0xFF00024B,
0xFF000381,
0xFF00024B,
0xFF00024B,
0xFF000000,
0xFF000000,
0xFF000000,
0xFF000000,
0xFF000000,
0xFF000000,
0x00000000,
0x00000000,
0x00000000,
0x00000000,
0x00000000,
0x00000000,
0x00000000,
0x00000000,
0x00000000,
0x00000000,
0x00000000,
0x00000000,
0x00000000,
0x00000000,
0xFF000000,
0xFF000381,
0xFF00024B,
0xFF00024B,
0xFF16AEFE,
0xFF16AEFE,
0xFF0768FF,
0xFF000381,
0xFF00024B,
0xFF000381,
0xFF000381,
0xFF00024B,
0xFF000000,
0xFF000000,
0xFF000000,
0xFF000000,
0x00000000,
0x00000000,
0x00000000,
0x00000000,
0x00000000,
0x00000000,
0x00000000,
0x00000000,
0x00000000,
0x00000000,
0x00000000,
0x00000000,
0x00000000,
0x00000000,
0x00000000,
0x00000000,
0xFF0030E3,
0xFF000000,
0xFF000381,
0xFF00024B,
0xFF16AEFE,
0xFF16AEFE,
0xFF16AEFE,
0xFF16AEFE,
0xFF00024B,
0xFF000381,
0xFF000381,
0xFF00024B,
0xFF0768FF,
0xFF000000,
0xFF000000,
0x00000000,
0x00000000,
0x00000000,
0x00000000,
0x00000000,
0x00000000,
0x00000000,
0x00000000,
0x00000000,
0x00000000,
0x00000000,
0x00000000,
0x00000000,
0x00000000,
0x00000000,
0x00000000,
0x00000000,
0x00000000,
0xFF000000,
0xFF000381,
0xFF16AEFE,
0xFF16AEFE,
0xFF00024B,
0xFF000381,
0xFF000381,
0xFF000381,
0xFF000381,
0xFF000381,
0xFF16AEFE,
0xFF000000,
0xFF000000,
0xFF000000,
0x00000000,
0x00000000,
0x00000000,
0x00000000,
0x00000000,
0x00000000,
0x00000000,
0x00000000,
0x00000000,
0x00000000,
0x00000000,
0x00000000,
0x00000000,
0x00000000,
0x00000000,
0x00000000,
0x00000000,
0x00000000,
0xFF000000,
0xFF000381,
0xFF00024B,
0xFF00024B,
0xFF00024B,
0xFF000381,
0xFF000381,
0xFF0768FF,
0xFF16AEFE,
0xFF0768FF,
0xFF000000,
0xFF000000,
0xFF000000,
0x00000000,
0x00000000,
0x00000000,
0x00000000,
0x00000000,
0x00000000,
0x00000000,
0x00000000,
0x00000000,
0x00000000,
0x00000000,
0x00000000,
0x00000000,
0x00000000,
0x00000000,
0x00000000,
0x00000000,
0x00000000,
0x00000000,
0xFF000000,
0xFF0768FF,
0xFF0768FF,
0xFF16AEFE,
0xFF0768FF,
0xFF16AEFE,
0xFF16AEFE,
0xFF000000,
0xFF000000,
0xFF000000,
0xFF000000,
0xFF000000,
0xFF000000,
0x00000000,
0x00000000,
0x00000000,
0x00000000,
0x00000000,
0x00000000,
0x00000000,
0x00000000,
0x00000000,
0x00000000,
0x00000000,
0x00000000,
0x00000000,
0x00000000,
0x00000000,
0x00000000,
0x00000000,
0x00000000,
0x00000000,
0xFF000000,
0xFF000000,
0xFF000000,
0xFF000000,
0xFF000000,
0xFF000000,
0xFF000000,
0xFF000000,
0xFF000000,
0xFF000000,
0xFF000000,
0xFF000000,
0xFF000000,
0x00000000,
0x00000000,
0x00000000,
0x00000000,
0x00000000,
0x00000000,
0x00000000,
0x00000000,
0x00000000,
0x00000000,
0x00000000,
0x00000000,
0x00000000,
0x00000000,
0x00000000,
0x00000000,
0x00000000,
0x00000000,
0x00000000,
0x00000000,
0x00000000,
0x00000000,
0x00000000,
0xFF000000,
0xFF000000,
0xFF000000,
0xFF000000,
0xFF000000,
0xFF000000,
0xFF000000,
0x00000000,
0x00000000,
0x00000000,
0x00000000,
0x00000000,
0x00000000,
0x00000000,
0x00000000,
0x00000000,
0x00000000,
0x00000000,
0x00000000,
0x00000000,
0x00000000,
0x00000000,
0x00000000,
0x00000000,
0x00000000,
0x00000000,
0x00000000,
0x00000000,
0x00000000,
0x00000000,
0x00000000,
0xFF000000,
0xFF000000,
0xFF000000,
0xFF000000,
0x00000000,
0x00000000,
0x00000000,
0x00000000,
0x00000000,
0x00000000,
0x00000000,
0x00000000,
0x00000000,
0x00000000,
0x00000000,
0x00000000,
0x00000000,
0x00000000,
0x00000000,
0x00000000,
0x00000000,
0x00000000,
0x00000000,
0x00000000,
0x00000000,
0x00000000,
0x00000000,
0x00000000,
0x00000000,
0x00000000,
0x00000000,
0x00000000,
0x00000000,
0x00000000,
0x00000000,
0x00000000,
0x00000000,
0x00000000,
0x00000000,
0x00000000,
0x00000000,
0x00000000,
0x00000000,
0x00000000,
0x00000000,
0x00000000,
0x00000000,
0x00000000,
0x00000000
};
static const uint32_t* all_sprites[] = {
    sprite_0,
sprite_1,
sprite_2,
sprite_3,
sprite_4,
sprite_5,
sprite_6,
sprite_7,
sprite_8,
sprite_9,
sprite_10,
sprite_11,
sprite_12,
sprite_13,
sprite_14,
sprite_15
};
